Rk,Player,Pos,Age,Tm,G,MP,PER,TS%,3PAr,FTr,ORB%,DRB%,TRB%,AST%,STL%,BLK%,TOV%,USG%,,OWS,DWS,WS,WS/48,,OBPM,DBPM,BPM,VORP
1,Alex Abrines\abrinal01,SG,25,OKC,26,507,6.5,.497,.794,.081,1.0,8.2,4.5,4.8,1.6,0.7,9.0,12.4,,0.0,0.7,0.7,.067,,-2.6,-0.1,-2.6,-0.1
2,Jaylen Adams\adamsja01,PG,22,ATL,8,27,10.4,.500,.833,.000,0.0,12.2,5.9,19.7,1.7,3.2,14.3,10.6,,0.0,0.0,0.0,.046,,-3.2,-0.7,-3.9,0.0
3,Steven Adams\adamsst01,C,25,OKC,28,936,21.1,.594,.000,.440,15.0,15.2,15.1,7.3,2.0,2.3,10.2,18.4,,2.3,1.7,4.0,.207,,1.4,2.2,3.5,1.3
4,Bam Adebayo\adebaba01,C,21,MIA,29,608,18.4,.606,.026,.565,10.6,25.1,17.7,13.2,1.6,4.0,16.9,15.9,,1.1,1.0,2.1,.169,,-0.8,3.3,2.5,0.7
5,DeVaughn Akoon-Purcell\akoonde01,SG,25,DEN,7,22,8.6,.322,.400,.200,5.0,14.8,9.9,37.7,4.5,0.0,15.5,25.1,,-0.1,0.0,0.0,-0.037,,-3.7,1.1,-2.6,0.0
6,LaMarcus Aldridge\aldrila01,C,33,SAS,31,1011,19.8,.534,.021,.302,10.4,22.1,16.1,10.2,0.7,3.1,9.9,26.4,,1.3,0.9,2.2,.106,,-1.0,-0.2,-1.2,0.2
7,Rawle Alkins\alkinra01,G,21,CHI,1,3,38.4,.000,.000,.000,35.8,0.0,18.0,85.1,16.1,0.0,0.0,14.6,,0.0,0.0,0.0,.260,,9.1,11.2,20.3,0.0
8,Grayson Allen\allengr01,SG,23,UTA,17,165,3.9,.473,.661,.403,0.7,2.7,1.7,6.2,0.3,0.0,12.0,21.8,,-0.2,0.1,-0.1,-0.043,,-4.2,-4.7,-9.0,-0.3
9,Jarrett Allen\allenja01,C,20,BRK,30,813,19.8,.637,.095,.478,10.4,22.5,16.3,8.8,1.0,4.3,13.0,17.0,,2.0,0.9,2.9,.173,,0.7,2.2,2.9,1.0
10,Al-Farouq Aminu\aminual01,PF,28,POR,30,907,12.6,.589,.546,.255,5.0,22.9,14.2,3.4,1.5,1.0,10.1,12.5,,1.1,1.0,2.1,.112,,0.0,0.4,0.5,0.6
11,Justin Anderson\anderju01,SG,25,ATL,13,92,16.2,.545,.415,.220,6.7,10.7,8.7,10.5,3.0,1.9,8.2,21.7,,0.1,0.1,0.2,.093,,0.0,-1.3,-1.3,0.0
12,Kyle Anderson\anderky01,SF,25,MEM,29,842,12.1,.527,.114,.217,4.6,20.7,12.5,15.2,1.9,2.5,15.8,12.5,,0.4,1.3,1.7,.095,,-2.6,3.5,0.9,0.6
13,Ryan Anderson\anderry01,PF,30,PHO,15,278,4.7,.423,.567,.233,5.6,12.5,9.0,8.3,0.5,0.3,15.4,12.3,,-0.2,0.1,-0.2,-0.029,,-4.2,-1.6,-5.8,-0.3
14,Ike Anigbogu\anigbik01,C,20,IND,3,6,-6.0,.000,.000,.000,19.0,35.7,27.6,19.6,0.0,14.9,25.0,29.2,,-0.1,0.0,-0.1,-0.470,,-22.3,9.0,-13.3,0.0
15,Giannis Antetokounmpo\antetgi01,PF,24,MIL,27,915,29.1,.634,.138,.516,8.6,30.0,19.9,29.8,1.8,3.3,16.9,31.5,,2.9,2.0,4.9,.258,,4.8,4.8,9.6,2.7
16,Carmelo Anthony\anthoca01,PF,34,HOU,10,294,11.4,.513,.529,.182,3.4,18.5,10.6,2.7,0.7,2.1,5.8,20.8,,0.1,0.1,0.3,.041,,-2.6,-3.5,-6.1,-0.3
17,OG Anunoby\anunoog01,SF,21,TOR,26,530,8.8,.499,.516,.128,3.9,10.1,7.1,3.6,1.5,1.1,8.3,17.6,,-0.1,0.6,0.4,.039,,-1.7,-0.6,-2.3,0.0
18,Ryan Arcidiacono\arcidry01,PG,24,CHI,30,850,10.3,.604,.702,.168,1.1,9.1,5.1,18.5,1.8,0.1,14.8,10.5,,1.0,0.5,1.4,.079,,-0.2,-0.8,-0.9,0.2
19,Trevor Ariza\arizatr01,SF,33,TOT,27,922,11.2,.524,.615,.189,2.0,16.5,9.2,13.9,2.3,0.7,13.1,14.4,,0.2,0.7,0.9,.049,,-0.8,0.9,0.1,0.5
19,Trevor Ariza\arizatr01,SF,33,PHO,26,884,10.8,.525,.612,.189,2.0,16.4,9.2,13.9,2.1,0.8,13.7,14.1,,0.2,0.7,0.8,.044,,-1.0,0.8,-0.2,0.4
19,Trevor Ariza\arizatr01,F,33,WAS,1,38,21.5,.519,.647,.176,2.8,20.6,11.5,15.1,7.5,0.0,5.2,21.6,,0.0,0.1,0.1,.157,,2.7,2.4,5.1,0.1
20,D.J. Augustin\augusdj01,PG,31,ORL,29,799,14.4,.607,.491,.294,1.9,7.2,4.5,26.1,0.7,0.0,13.4,15.7,,1.7,0.4,2.1,.124,,1.2,-2.6,-1.5,0.1
21,Deandre Ayton\aytonde01,C,20,PHO,31,947,20.1,.610,.005,.213,9.3,28.1,18.6,13.6,0.9,2.5,12.7,21.2,,1.7,0.9,2.6,.133,,0.0,1.1,1.1,0.7
22,Dwayne Bacon\bacondw01,SG,23,CHO,16,201,13.0,.611,.271,.171,1.1,14.5,7.7,10.3,0.7,0.0,9.6,17.7,,0.3,0.1,0.4,.094,,-0.8,-2.7,-3.5,-0.1
23,Marvin Bagley\baglema01,PF,19,SAC,26,600,18.4,.592,.112,.446,10.8,16.9,13.8,5.7,0.8,3.8,13.4,22.3,,0.9,0.5,1.4,.113,,-0.4,-0.6,-1.0,0.1
24,Ron Baker\bakerro01,SG,25,NYK,11,107,4.5,.376,.563,.375,0.9,6.2,3.5,15.5,2.3,0.0,13.9,8.5,,0.0,0.0,0.0,.001,,-3.7,-1.5,-5.2,-0.1
25,Wade Baldwin\baldwwa01,PG,22,POR,9,51,-2.7,.271,.278,.056,2.1,14.0,8.2,20.3,0.0,3.1,30.3,21.9,,-0.3,0.0,-0.3,-0.255,,-12.1,-0.7,-12.7,-0.1
26,Lonzo Ball\balllo01,PG,21,LAL,31,906,11.7,.485,.491,.097,4.2,14.3,9.4,21.7,2.5,0.9,18.6,16.3,,-0.1,1.2,1.1,.058,,-1.1,1.5,0.4,0.6
27,Mohamed Bamba\bambamo01,C,20,ORL,28,474,16.6,.554,.325,.150,8.6,21.2,14.8,10.3,0.8,7.0,11.0,17.9,,0.5,0.7,1.2,.121,,-1.4,3.1,1.7,0.4
28,J.J. Barea\bareajo01,PG,34,DAL,26,506,18.6,.510,.303,.199,2.0,11.7,6.9,47.8,1.5,0.2,13.2,28.1,,0.7,0.5,1.2,.110,,2.3,-2.1,0.2,0.3
29,Harrison Barnes\barneha02,SF,26,DAL,25,791,14.5,.553,.424,.274,2.8,11.9,7.5,5.8,1.2,0.9,8.4,24.3,,0.7,0.7,1.4,.085,,-0.3,-2.2,-2.5,-0.1
30,Will Barton\bartowi01,SG,28,DEN,2,54,22.7,.725,.429,.190,0.0,20.1,10.1,17.4,0.9,3.4,11.6,20.5,,0.2,0.1,0.3,.237,,3.4,0.2,3.5,0.1
31,Keita Bates-Diop\bateske01,SF,23,MIN,2,18,-1.1,.250,.500,.000,0.0,17.8,8.9,0.0,0.0,4.8,0.0,18.7,,-0.1,0.0,-0.1,-0.177,,-11.9,-3.9,-15.8,-0.1
32,Nicolas Batum\batumni01,SF,30,CHO,29,877,11.8,.561,.455,.125,3.8,14.9,9.3,15.6,1.4,1.3,16.9,13.9,,0.6,0.7,1.3,.073,,0.0,0.7,0.7,0.6
33,Aron Baynes\baynear01,C,32,BOS,24,354,14.9,.564,.363,.353,11.6,20.0,15.7,11.7,0.5,2.8,13.3,16.5,,0.7,0.6,1.3,.171,,-0.2,1.3,1.1,0.3
34,Kent Bazemore\bazemke01,SG,29,ATL,30,810,14.4,.551,.429,.282,2.0,13.8,7.7,15.1,2.9,3.0,15.1,21.3,,0.1,0.8,0.9,.051,,-1.0,0.9,-0.1,0.4
35,Bradley Beal\bealbr01,SG,25,WAS,31,1119,18.7,.575,.367,.268,2.6,12.0,7.2,19.7,1.4,2.1,11.0,26.9,,1.6,0.4,2.0,.086,,2.4,-1.5,0.9,0.8
36,Malik Beasley\beaslma01,SG,22,DEN,30,581,11.9,.573,.525,.059,2.1,11.2,6.6,7.4,1.2,0.5,7.5,16.7,,0.6,0.6,1.2,.102,,0.2,-1.4,-1.2,0.1
37,Michael Beasley\beaslmi01,PF,30,LAL,10,71,12.4,.555,.108,.162,4.5,15.7,10.3,6.7,1.3,0.0,15.0,27.3,,0.0,0.1,0.0,.021,,-4.9,-3.5,-8.4,-0.1
38,Marco Belinelli\belinma01,SG,32,SAS,30,660,11.6,.511,.534,.170,1.0,8.9,4.9,12.0,1.2,0.6,6.3,20.1,,0.4,0.3,0.7,.050,,0.2,-2.8,-2.6,-0.1
39,Jordan Bell\belljo01,C,24,GSW,30,377,13.0,.547,.015,.299,7.3,16.9,12.3,12.7,1.8,6.1,18.3,10.6,,0.4,0.6,0.9,.119,,-2.1,4.1,2.0,0.4
40,DeAndre' Bembry\bembrde01,SG,24,ATL,30,677,10.7,.481,.323,.265,2.3,17.8,9.8,16.9,2.6,2.6,15.7,18.0,,-0.5,0.6,0.2,.011,,-3.7,1.4,-2.3,0.0
41,Dragan Bender\bendedr01,PF,21,PHO,11,88,4.9,.475,.591,.227,6.3,12.7,9.5,7.9,0.0,0.0,19.9,15.0,,-0.1,0.0,-0.1,-0.042,,-4.7,-3.2,-7.9,-0.1
42,Davis Bertans\bertada01,PF,26,SAS,27,473,16.1,.684,.726,.178,3.0,14.3,8.6,7.9,1.2,1.9,8.2,14.7,,1.2,0.4,1.5,.155,,3.4,-1.0,2.4,0.5
43,Patrick Beverley\beverpa01,PG,30,LAC,30,741,9.6,.493,.581,.263,3.1,12.4,8.0,19.9,1.4,1.0,13.8,13.3,,0.5,0.5,1.0,.065,,0.2,0.2,0.5,0.5
44,Khem Birch\birchkh01,C,26,ORL,9,66,16.4,.615,.000,.118,9.7,21.8,15.7,4.5,3.0,2.6,14.4,14.0,,0.1,0.1,0.2,.143,,-2.8,2.1,-0.7,0.0
45,Bismack Biyombo\biyombi01,C,26,CHO,10,77,10.2,.564,.000,.750,6.9,18.2,12.5,3.4,0.6,10.1,20.0,11.1,,0.0,0.1,0.1,.077,,-5.0,4.2,-0.8,0.0
46,Nemanja Bjelica\bjeline01,PF,30,SAC,30,719,17.4,.658,.428,.165,5.7,19.4,12.5,11.1,1.7,2.6,14.5,17.1,,1.4,0.7,2.1,.142,,2.3,1.1,3.4,1.0
47,Antonio Blakeney\blakean01,SG,22,CHI,25,416,11.2,.507,.278,.182,1.0,10.6,5.8,5.5,0.8,0.8,8.5,26.0,,-0.5,0.2,-0.3,-0.037,,-4.4,-4.2,-8.6,-0.7
48,Eric Bledsoe\bledser01,PG,29,MIL,29,870,20.1,.595,.389,.228,4.2,10.3,7.4,28.5,2.2,1.5,13.5,22.1,,2.2,1.3,3.5,.191,,3.4,0.8,4.2,1.4
49,Jaron Blossomgame\blossja01,SF,25,CLE,8,120,13.6,.550,.462,.192,7.1,27.5,17.0,5.8,0.8,1.4,3.4,10.6,,0.2,0.1,0.3,.105,,-1.3,-0.8,-2.2,0.0
50,Bogdan Bogdanovic\bogdabo01,SG,26,SAC,19,509,15.6,.548,.460,.187,1.8,11.6,6.7,19.2,1.2,0.3,8.3,22.6,,0.8,0.2,1.0,.095,,2.1,-2.5,-0.3,0.2
51,Bojan Bogdanovic\bogdabo02,SF,29,IND,31,980,15.1,.643,.387,.298,1.6,11.6,6.8,6.9,1.2,0.0,12.2,20.1,,1.5,1.2,2.8,.135,,1.2,-1.0,0.1,0.5
52,Jonah Bolden\boldejo01,PF,23,PHI,9,54,5.8,.381,.643,.286,4.1,19.3,11.9,5.0,2.6,4.3,16.0,14.7,,-0.1,0.1,0.0,-0.022,,-6.1,1.9,-4.3,0.0
53,Isaac Bonga\bongais01,PG,19,LAL,5,17,13.3,.361,.143,.429,12.7,11.9,12.3,22.6,8.2,0.0,19.4,25.2,,0.0,0.0,0.0,-0.002,,-3.9,4.7,0.7,0.0
54,Devin Booker\bookede01,SG,22,PHO,21,743,18.1,.561,.387,.286,1.3,11.0,6.2,32.8,1.6,0.2,15.1,31.7,,0.5,0.3,0.8,.053,,3.0,-2.5,0.4,0.5
55,Chris Boucher\bouchch01,PF,26,TOR,4,14,39.7,.558,.556,.667,24.4,29.3,27.0,0.0,0.0,17.2,0.0,35.9,,0.1,0.0,0.1,.383,,2.8,-3.9,-1.2,0.0
56,Avery Bradley\bradlav01,SG,28,LAC,24,713,4.2,.437,.382,.055,2.0,6.2,4.2,8.0,1.1,1.2,15.4,14.4,,-0.9,0.3,-0.7,-0.045,,-3.3,-0.2,-3.5,-0.3
57,Mikal Bridges\bridgmi01,SF,22,PHO,31,753,10.0,.531,.539,.170,2.2,9.2,5.7,7.1,2.6,1.2,9.4,14.2,,0.1,0.5,0.7,.043,,-1.4,0.1,-1.3,0.1
58,Miles Bridges\bridgmi02,SF,20,CHO,28,569,14.1,.579,.429,.183,3.4,16.9,10.1,6.7,1.5,3.3,8.7,15.6,,0.6,0.6,1.2,.103,,-0.4,0.6,0.2,0.3
59,Isaiah Briscoe\briscis01,PG,22,ORL,10,70,5.0,.448,.053,.263,0.0,9.5,4.7,18.2,0.0,0.0,12.4,15.3,,-0.1,0.0,0.0,-0.017,,-6.6,-3.0,-9.6,-0.1
60,Ryan Broekhoff\broekry01,SG,28,DAL,15,74,8.0,.490,.818,.045,3.0,15.9,9.6,5.8,0.7,1.1,8.2,14.1,,0.0,0.1,0.1,.043,,-2.6,-1.7,-4.3,0.0
61,Malcolm Brogdon\brogdma01,SG,26,MIL,27,810,16.6,.626,.339,.145,3.3,11.4,7.6,15.9,0.9,0.5,11.8,19.4,,1.8,0.9,2.6,.157,,1.8,-0.5,1.3,0.7
62,Dillon Brooks\brookdi01,SF,23,MEM,11,208,9.3,.507,.288,.273,3.3,9.6,6.4,7.5,1.9,1.8,10.9,18.4,,-0.1,0.2,0.2,.042,,-3.5,-0.2,-3.8,-0.1
63,MarShon Brooks\brookma01,SG,30,MEM,27,381,12.7,.523,.317,.198,3.6,10.2,6.8,11.0,1.2,1.0,9.9,24.4,,-0.1,0.4,0.3,.032,,-2.3,-2.4,-4.7,-0.3
64,Bruce Brown\brownbr01,SG,22,DET,21,373,7.1,.471,.309,.259,3.2,11.4,7.1,7.4,1.5,2.3,11.7,11.4,,0.0,0.4,0.4,.052,,-3.7,2.0,-1.6,0.0
65,Jaylen Brown\brownja02,SG,22,BOS,24,656,10.0,.489,.359,.239,4.5,11.9,8.2,7.9,1.2,1.9,11.4,21.2,,-0.3,1.0,0.6,.047,,-3.1,0.2,-2.9,-0.1
66,Lorenzo Brown\brownlo01,PG,28,TOR,19,167,5.8,.396,.429,.036,2.0,11.7,7.1,16.1,2.0,2.4,19.8,18.3,,-0.4,0.2,-0.1,-0.039,,-5.6,1.3,-4.3,-0.1
67,Sterling Brown\brownst02,SG,23,MIL,20,270,11.8,.575,.475,.100,4.8,14.5,9.9,8.3,1.0,0.6,8.7,14.2,,0.3,0.3,0.7,.122,,-0.7,-0.4,-1.1,0.1
68,Troy Brown\browntr01,SF,19,WAS,13,91,12.3,.452,.182,.242,3.5,22.1,12.6,15.2,3.1,0.0,9.9,18.9,,0.0,0.1,0.1,.028,,-4.2,-0.3,-4.5,-0.1
69,Jalen Brunson\brunsja01,PG,22,DAL,26,414,11.2,.520,.316,.235,1.9,7.0,4.5,16.5,1.6,0.0,9.6,17.1,,0.3,0.3,0.6,.072,,-1.6,-1.9,-3.4,-0.2
70,Thomas Bryant\bryanth01,C,21,WAS,21,297,18.7,.650,.226,.310,7.9,22.9,15.3,8.3,1.1,4.3,11.2,15.4,,0.7,0.2,0.9,.148,,-0.3,0.6,0.3,0.2
71,Reggie Bullock\bullore01,SG,27,DET,20,574,10.9,.559,.603,.168,1.4,7.4,4.2,11.7,1.0,0.3,9.6,15.9,,0.6,0.4,1.1,.088,,0.4,-1.0,-0.6,0.2
72,Trey Burke\burketr01,PG,26,NYK,23,471,16.0,.493,.266,.212,2.8,8.7,5.6,23.9,1.6,0.4,8.3,25.6,,0.4,0.1,0.5,.050,,0.5,-3.3,-2.7,-0.1
73,Alec Burks\burksal01,SG,27,TOT,28,578,11.6,.494,.363,.291,2.0,14.7,8.2,12.1,1.3,1.0,10.4,22.5,,-0.1,0.4,0.3,.024,,-2.5,-1.6,-4.0,-0.3
73,Alec Burks\burksal01,SG,27,UTA,17,269,12.9,.547,.377,.333,0.8,10.4,5.6,11.9,1.1,1.2,10.3,23.5,,0.2,0.3,0.4,.073,,-1.8,-1.9,-3.7,-0.1
73,Alec Burks\burksal01,SG,27,CLE,11,309,10.4,.443,.350,.252,3.1,18.4,10.5,12.4,1.5,0.8,10.5,21.6,,-0.2,0.1,-0.1,-0.019,,-3.1,-1.3,-4.4,-0.2
74,Deonte Burton\burtode02,SG,25,OKC,15,131,8.0,.504,.283,.130,0.8,12.1,6.4,5.3,1.1,3.2,12.6,17.3,,-0.1,0.2,0.1,.050,,-5.9,0.2,-5.7,-0.1
75,Jimmy Butler\butleji01,SG,29,TOT,25,832,21.5,.580,.256,.340,5.7,10.1,7.9,16.1,2.9,1.9,7.6,23.4,,2.1,0.9,3.0,.175,,3.2,0.5,3.7,1.2
75,Jimmy Butler\butleji01,SG,29,MIN,10,361,22.6,.579,.287,.389,4.7,10.7,7.7,18.5,3.2,2.4,7.1,23.1,,1.0,0.4,1.4,.184,,4.0,1.4,5.3,0.7
75,Jimmy Butler\butleji01,SG,29,PHI,15,471,20.7,.581,.234,.304,6.5,9.7,8.2,14.3,2.6,1.5,8.0,23.6,,1.1,0.5,1.7,.169,,2.5,-0.1,2.4,0.5
76,Jose Calderon\caldejo01,PG,37,DET,22,273,7.3,.392,.452,.113,2.2,7.8,4.9,24.8,2.1,0.6,17.7,12.1,,-0.1,0.3,0.2,.032,,-3.8,-0.1,-4.0,-0.1
77,Kentavious Caldwell-Pope\caldwke01,SG,25,LAL,31,690,12.2,.567,.584,.285,2.3,9.1,5.8,5.1,1.7,0.6,6.0,15.9,,0.9,0.6,1.5,.105,,0.1,-1.3,-1.1,0.2
78,Isaiah Canaan\canaais01,PG,27,PHO,19,503,7.6,.515,.558,.155,1.1,9.8,5.4,17.5,1.2,0.0,17.4,14.5,,-0.1,0.1,0.0,.002,,-2.4,-1.9,-4.3,-0.3
79,Clint Capela\capelca01,C,24,HOU,29,979,24.4,.642,.000,.309,15.5,25.0,20.1,7.6,0.9,5.4,11.0,19.7,,3.2,1.0,4.1,.202,,1.7,1.4,3.2,1.3
80,DeMarre Carroll\carrode01,SF,32,BRK,21,478,10.4,.508,.556,.377,4.9,19.1,11.8,5.0,0.9,0.3,10.9,18.9,,0.1,0.3,0.4,.043,,-2.2,-2.1,-4.3,-0.3
81,Jevon Carter\carteje01,PG,23,MEM,2,48,6.4,.471,.529,.000,0.0,9.8,4.8,6.6,3.2,2.0,15.0,19.2,,-0.1,0.1,0.0,-0.033,,-5.2,0.3,-4.8,0.0
82,Vince Carter\cartevi01,SF,42,ATL,27,476,11.1,.544,.625,.125,2.2,12.7,7.3,8.3,1.5,1.8,7.8,16.5,,0.3,0.2,0.5,.049,,-1.1,-1.5,-2.6,-0.1
83,Wendell Carter\cartewe01,C,19,CHI,31,771,15.4,.538,.095,.333,7.8,21.1,14.5,12.5,1.1,5.3,14.2,20.1,,0.3,0.9,1.2,.077,,-2.7,2.5,-0.2,0.4
84,Michael Carter-Williams\cartemi01,PG,27,HOU,15,140,12.6,.468,.281,.456,2.4,8.6,5.4,22.8,3.2,3.7,12.7,24.7,,-0.1,0.1,0.1,.025,,-3.3,-0.5,-3.7,-0.1
85,Omri Casspi\casspom01,SF,30,MEM,24,296,17.4,.627,.287,.437,3.1,25.8,14.2,11.7,1.5,1.6,11.1,18.2,,0.5,0.5,0.9,.149,,-1.1,0.5,-0.5,0.1
86,Willie Cauley-Stein\caulewi01,C,25,SAC,30,837,17.9,.546,.003,.323,8.5,22.5,15.4,12.1,2.0,1.6,9.4,20.7,,1.2,0.9,2.1,.121,,-0.2,1.1,0.9,0.6
87,Tyson Chandler\chandty01,C,36,TOT,28,521,11.2,.623,.000,.810,11.6,26.7,19.3,5.0,1.3,1.7,23.4,8.3,,0.6,0.7,1.3,.121,,-2.7,1.6,-1.1,0.1
87,Tyson Chandler\chandty01,C,36,PHO,7,89,11.9,.653,.000,1.500,8.7,40.3,24.4,9.4,1.1,0.9,26.0,13.3,,0.1,0.1,0.2,.103,,-4.8,0.6,-4.1,0.0
87,Tyson Chandler\chandty01,C,36,LAL,21,432,11.1,.613,.000,.630,12.2,23.9,18.2,4.1,1.3,1.8,22.4,7.3,,0.5,0.6,1.1,.124,,-2.2,1.8,-0.4,0.2
88,Wilson Chandler\chandwi01,PF,31,PHI,20,506,8.9,.557,.527,.082,6.1,13.8,10.0,10.7,0.7,1.5,17.4,11.5,,0.3,0.4,0.7,.064,,-1.1,0.2,-0.8,0.1
89,Marquese Chriss\chrisma01,PF,21,HOU,9,53,5.4,.426,.429,.143,6.3,15.9,10.9,8.9,0.9,3.3,18.3,22.7,,-0.1,0.0,-0.1,-0.091,,-7.0,-1.9,-9.0,-0.1
90,Gary Clark\clarkga01,PF,24,HOU,22,371,8.1,.432,.916,.072,3.6,16.6,9.8,3.7,1.4,4.0,2.3,10.4,,0.0,0.3,0.3,.042,,-2.7,0.4,-2.3,0.0
91,Ian Clark\clarkia01,SG,27,NOP,25,353,4.6,.443,.467,.095,1.2,9.9,5.7,11.3,0.8,0.5,14.8,14.9,,-0.3,0.1,-0.2,-0.032,,-4.0,-2.1,-6.1,-0.4
92,Jordan Clarkson\clarkjo01,SG,26,CLE,30,769,17.6,.529,.331,.153,4.7,10.5,7.5,15.5,1.2,0.4,9.4,29.7,,0.7,0.1,0.8,.047,,1.7,-3.6,-1.9,0.0
93,John Collins\collijo01,PF,21,ATL,15,432,20.6,.627,.167,.283,11.7,23.9,17.6,14.9,0.1,1.8,14.9,24.7,,0.8,0.2,1.0,.110,,1.5,-1.3,0.2,0.2
94,Zach Collins\colliza01,C,21,POR,30,572,14.4,.614,.311,.299,7.9,14.8,11.4,6.4,0.9,3.9,16.6,16.5,,0.8,0.5,1.3,.113,,-0.1,0.9,0.8,0.4
95,Darren Collison\collida01,PG,31,IND,31,864,14.2,.528,.302,.255,2.1,8.9,5.6,28.0,2.6,0.4,15.2,15.6,,1.0,1.4,2.4,.132,,-0.3,0.5,0.2,0.5
96,Mike Conley\conlemi01,PG,31,MEM,29,988,20.7,.545,.375,.345,1.7,9.8,5.7,33.4,1.8,1.2,8.6,27.7,,2.0,1.1,3.1,.149,,3.9,-1.1,2.8,1.2
97,Pat Connaughton\connapa01,SG,26,MIL,23,442,13.8,.522,.617,.150,5.6,15.5,10.8,13.5,1.3,2.5,6.6,14.4,,0.6,0.7,1.3,.142,,0.4,1.5,1.9,0.4
98,Quinn Cook\cookqu01,PG,25,GSW,28,483,14.0,.577,.429,.076,1.9,13.2,7.8,16.1,1.1,0.4,10.9,20.5,,0.6,0.3,0.9,.091,,0.5,-2.4,-1.9,0.0
99,Robert Covington\covinro01,SF,28,TOT,28,950,12.7,.576,.622,.233,1.9,15.1,8.6,4.4,3.0,3.2,11.4,15.2,,0.5,1.4,1.9,.094,,-0.2,2.3,2.0,0.9
99,Robert Covington\covinro01,SF,28,PHI,13,440,11.2,.578,.658,.197,1.7,14.2,8.1,4.4,2.6,4.1,14.8,14.3,,0.0,0.7,0.7,.077,,-1.1,2.5,1.4,0.3
99,Robert Covington\covinro01,SF,28,MIN,15,510,14.0,.574,.595,.259,2.1,16.0,9.0,4.4,3.3,2.5,8.8,15.9,,0.5,0.7,1.1,.108,,0.5,2.1,2.6,0.6
100,Allen Crabbe\crabbal01,SG,26,BRK,28,732,7.6,.501,.677,.153,1.9,12.8,7.2,5.8,1.1,0.9,10.8,17.3,,-0.2,0.4,0.2,.015,,-1.9,-1.3,-3.2,-0.2
101,Torrey Craig\craigto01,SF,28,DEN,25,479,7.4,.476,.488,.116,7.3,12.0,9.6,5.2,1.1,2.1,13.6,13.2,,-0.1,0.6,0.5,.049,,-2.4,0.5,-1.9,0.0
102,Jamal Crawford\crawfja01,SG,38,PHO,27,465,9.9,.479,.457,.266,0.7,6.8,3.7,28.4,1.1,0.7,16.8,21.9,,-0.3,0.1,-0.2,-0.022,,-3.1,-4.1,-7.2,-0.6
103,Jae Crowder\crowdja01,SF,28,UTA,31,859,12.8,.547,.626,.288,2.9,16.3,9.6,9.2,1.2,1.3,8.1,18.7,,0.7,1.0,1.7,.097,,0.3,0.0,0.3,0.5
104,Dante Cunningham\cunnida01,PF,31,SAS,30,647,10.6,.603,.467,.095,5.8,17.0,11.3,6.9,1.5,1.5,12.8,8.5,,0.8,0.6,1.3,.098,,0.0,1.2,1.2,0.5
105,Seth Curry\curryse01,SG,28,POR,24,397,5.3,.509,.495,.049,2.2,6.4,4.4,6.0,0.6,0.4,14.6,13.1,,-0.1,0.1,0.0,.002,,-2.5,-1.7,-4.2,-0.2
106,Stephen Curry\curryst01,PG,30,GSW,20,674,27.2,.673,.552,.249,1.5,14.9,8.5,26.8,1.8,0.8,12.5,31.3,,2.6,0.7,3.3,.233,,9.0,-1.7,7.3,1.6
107,Troy Daniels\danietr01,SG,27,PHO,14,211,10.4,.578,.776,.105,2.1,8.0,5.0,5.7,2.1,0.4,13.1,19.0,,0.0,0.1,0.1,.023,,-0.4,-2.8,-3.2,-0.1
108,Anthony Davis\davisan02,C,25,NOP,27,1000,29.7,.589,.131,.429,9.7,25.0,17.5,20.2,2.2,6.1,8.7,28.9,,3.7,1.6,5.2,.251,,4.9,4.1,9.0,2.8
109,Ed Davis\davised01,C,29,BRK,32,565,18.4,.612,.016,.402,19.1,32.1,25.4,6.2,1.1,1.5,12.8,13.0,,1.5,0.7,2.2,.186,,0.1,0.6,0.7,0.4
110,Tyler Davis\davisty01,C,21,OKC,1,1,0.0,.000,.000,.000,100.0,0.0,52.0,0.0,0.0,0.0,0.0,40.7,,0.0,0.0,0.0,-0.459,,-14.7,-19.9,-34.6,0.0
111,Dewayne Dedmon\dedmode01,C,29,ATL,24,563,13.9,.555,.341,.202,6.2,27.5,16.5,6.7,2.3,4.0,13.7,15.8,,0.2,0.7,0.9,.081,,-2.9,2.0,-0.9,0.2
112,Sam Dekker\dekkesa01,PF-SF,24,TOT,14,236,15.8,.541,.237,.158,6.3,15.4,10.7,9.6,3.7,0.4,10.0,16.6,,0.2,0.2,0.4,.090,,-0.4,0.4,0.0,0.1
112,Sam Dekker\dekkesa01,PF,24,CLE,9,169,14.4,.544,.271,.208,5.7,16.2,10.7,7.8,3.3,0.0,8.7,14.9,,0.2,0.1,0.3,.092,,-0.4,0.1,-0.3,0.1
112,Sam Dekker\dekkesa01,SF,24,WAS,5,67,19.5,.537,.179,.071,8.0,13.3,10.6,14.2,4.9,1.3,12.2,20.8,,0.0,0.1,0.1,.083,,-0.4,1.3,0.9,0.0
113,Matthew Dellavedova\dellama01,PG,28,TOT,17,198,16.0,.654,.571,.179,0.0,11.8,5.9,36.8,1.2,0.0,23.9,17.3,,0.5,0.1,0.6,.141,,0.8,-3.5,-2.7,0.0
113,Matthew Dellavedova\dellama01,PG,28,MIL,12,97,7.7,.482,.579,.211,0.0,10.1,5.3,35.8,1.0,0.0,34.6,13.7,,0.0,0.1,0.1,.045,,-5.1,-3.0,-8.0,-0.2
113,Matthew Dellavedova\dellama01,PG,28,CLE,5,101,24.0,.744,.568,.162,0.0,13.5,6.5,37.7,1.5,0.0,16.8,20.6,,0.5,0.0,0.5,.234,,6.5,-3.9,2.5,0.1
114,Luol Deng\denglu01,SF,33,MIN,4,32,16.4,.419,.385,.231,19.8,20.1,19.9,4.5,4.5,2.7,12.3,21.5,,0.0,0.1,0.0,.058,,-2.0,1.0,-1.1,0.0
115,DeMar DeRozan\derozde01,SG,29,SAS,31,1088,21.4,.545,.064,.340,2.4,15.1,8.7,28.9,1.3,1.1,10.1,30.0,,2.1,0.7,2.9,.126,,2.0,-0.6,1.3,0.9
116,Marcus Derrickson\derrima01,SF,22,GSW,4,19,-5.8,.417,.500,.000,0.0,11.0,5.8,0.0,0.0,0.0,25.0,18.1,,-0.1,0.0,-0.1,-0.174,,-10.3,-5.6,-16.0,-0.1
117,Cheick Diallo\diallch01,PF,22,NOP,24,240,16.1,.604,.016,.313,10.3,28.2,19.5,4.4,2.1,4.4,18.0,15.2,,0.2,0.4,0.6,.121,,-2.9,1.7,-1.2,0.0
118,Hamidou Diallo\diallha01,SG,20,OKC,23,295,14.6,.554,.152,.343,8.3,9.7,9.0,4.9,2.4,1.4,9.7,18.5,,0.4,0.5,0.9,.142,,-1.9,0.2,-1.7,0.0
119,Gorgui Dieng\dienggo01,C,29,MIN,30,412,14.4,.547,.163,.296,5.6,26.0,15.7,8.4,1.5,4.2,14.1,18.1,,0.2,0.6,0.8,.089,,-3.4,1.9,-1.5,0.1
120,Spencer Dinwiddie\dinwisp01,PG,25,BRK,32,920,18.7,.606,.440,.399,2.0,7.6,4.7,27.8,1.0,0.9,13.0,24.2,,2.5,0.3,2.8,.147,,3.8,-2.7,1.1,0.7
121,Donte DiVincenzo\divindo01,SG,22,MIL,21,352,8.7,.492,.645,.103,4.0,12.0,8.2,9.5,1.6,1.2,13.2,15.3,,0.0,0.5,0.4,.060,,-2.0,0.4,-1.6,0.0
122,Luka Doncic\doncilu01,PF,19,DAL,28,910,16.5,.558,.423,.365,3.5,18.9,11.3,24.2,1.6,0.8,17.5,26.2,,0.6,1.1,1.7,.088,,0.9,0.5,1.4,0.8
123,Tyler Dorsey\dorsety01,SG,22,ATL,16,172,7.3,.430,.375,.328,3.6,15.9,9.6,11.7,1.1,0.0,9.8,19.2,,-0.2,0.0,-0.1,-0.041,,-5.0,-2.8,-7.9,-0.3
124,Damyean Dotson\dotsoda01,SG,24,NYK,23,608,13.1,.554,.427,.105,3.2,13.8,8.3,6.0,1.7,0.6,7.3,17.1,,0.6,0.2,0.9,.067,,0.2,-1.6,-1.4,0.1
125,PJ Dozier\doziepj01,PG,22,BOS,2,8,31.6,.583,.333,.000,26.2,26.8,26.5,0.0,0.0,0.0,0.0,32.2,,0.0,0.0,0.0,.266,,2.7,-12.5,-9.8,0.0
126,Goran Dragic\dragigo01,PG,32,MIA,14,408,13.4,.510,.372,.266,2.0,9.0,5.5,27.2,1.2,0.8,14.3,25.1,,0.1,0.3,0.4,.050,,-0.4,-2.2,-2.6,-0.1
127,Andre Drummond\drumman01,C,25,DET,28,925,22.2,.518,.048,.363,17.6,33.0,24.9,6.2,2.0,4.9,12.0,24.9,,0.8,1.9,2.7,.141,,-1.7,2.9,1.2,0.7
128,Jared Dudley\dudleja01,PF,33,BRK,32,679,7.8,.536,.617,.177,3.6,10.5,6.9,9.0,1.4,0.9,14.1,11.1,,0.3,0.4,0.7,.051,,-1.2,0.2,-1.0,0.2
129,Kris Dunn\dunnkr01,PG,24,CHI,5,138,11.4,.556,.180,.140,0.8,14.9,7.8,30.1,1.4,0.0,22.0,21.7,,-0.1,0.1,0.0,.012,,-3.1,-1.7,-4.8,-0.1
130,Kevin Durant\duranke01,PF,30,GSW,31,1104,26.4,.627,.243,.388,1.6,20.7,11.6,28.6,1.2,2.4,13.1,32.0,,3.8,1.3,5.1,.220,,5.0,0.5,5.4,2.1
131,Vince Edwards\edwarvi01,SF,22,HOU,1,4,33.1,.750,1.000,.000,27.9,0.0,14.5,0.0,0.0,0.0,0.0,22.0,,0.0,0.0,0.0,.314,,13.6,-11.8,1.8,0.0
132,Henry Ellenson\ellenhe01,PF,22,DET,2,25,14.9,.551,.400,.200,0.0,40.2,19.1,6.1,0.0,0.0,0.0,18.1,,0.0,0.0,0.1,.154,,-3.3,-2.4,-5.7,0.0
133,Wayne Ellington\ellinwa01,SG,31,MIA,18,444,10.6,.533,.832,.087,1.4,8.5,4.9,8.9,2.3,0.6,7.8,15.8,,0.3,0.5,0.8,.083,,0.6,-0.8,-0.2,0.2
134,Joel Embiid\embiijo01,C,24,PHI,31,1055,24.7,.579,.222,.538,7.8,33.4,20.9,18.2,0.7,4.1,12.7,32.4,,2.2,1.7,4.0,.180,,1.4,1.6,3.0,1.3
135,James Ennis\ennisja01,SF,28,HOU,23,579,11.1,.614,.584,.226,4.2,8.5,6.3,3.6,1.8,1.5,8.5,12.5,,0.8,0.3,1.1,.092,,0.3,-0.9,-0.6,0.2
136,Drew Eubanks\eubandr01,PF,21,SAS,5,20,23.6,.788,.000,.250,5.4,5.6,5.5,8.9,0.0,0.0,18.4,23.8,,0.1,0.0,0.1,.149,,2.0,-5.1,-3.1,0.0
137,Jacob Evans\evansja02,SG,21,GSW,19,85,-1.3,.220,.250,.050,1.4,7.4,4.5,15.4,0.6,1.0,16.4,12.4,,-0.2,0.0,-0.2,-0.108,,-8.5,-2.1,-10.5,-0.2
138,Jawun Evans\evansja01,PG,22,PHO,4,46,1.1,.200,.200,.000,2.4,21.9,12.1,22.8,2.1,0.0,28.6,13.3,,-0.2,0.0,-0.1,-0.133,,-10.0,0.8,-9.2,-0.1
139,Tyreke Evans\evansty01,SG,29,IND,29,628,11.1,.469,.362,.241,3.1,11.9,7.7,16.1,3.0,1.3,15.5,26.5,,-1.0,1.2,0.1,.010,,-3.5,0.8,-2.7,-0.1
140,Dante Exum\exumda01,PG,23,UTA,30,477,9.6,.506,.287,.451,2.1,8.9,5.5,19.2,1.1,0.7,16.2,21.3,,-0.1,0.4,0.3,.029,,-3.4,-1.4,-4.8,-0.3
141,Kenneth Faried\farieke01,PF,29,BRK,9,50,21.6,.732,.000,.500,14.8,22.3,18.4,3.3,1.0,1.6,19.0,18.0,,0.1,0.0,0.2,.149,,-0.4,-2.0,-2.4,0.0
142,Derrick Favors\favorde01,C,27,UTA,30,687,21.3,.637,.123,.418,14.2,19.9,17.1,6.7,1.8,4.4,12.7,18.9,,1.6,1.1,2.8,.194,,1.4,2.6,3.9,1.0
143,Cristiano Felicio\feliccr01,C,26,CHI,21,249,11.8,.600,.020,.380,9.5,23.0,16.2,6.6,0.6,0.7,18.2,12.6,,0.2,0.2,0.4,.080,,-3.8,-0.7,-4.4,-0.2
144,Raymond Felton\feltora01,PG,34,OKC,13,143,11.0,.420,.394,.127,2.1,12.6,7.3,23.1,2.0,2.3,11.8,24.2,,-0.2,0.2,0.1,.028,,-4.1,0.1,-4.1,-0.1
145,Terrance Ferguson\fergute01,SG,20,OKC,23,488,4.3,.493,.630,.130,2.5,6.5,4.5,4.4,1.2,0.7,13.4,9.4,,0.0,0.6,0.6,.054,,-3.4,0.5,-2.9,-0.1
146,Yogi Ferrell\ferreyo01,SG,25,SAC,20,263,13.7,.568,.435,.250,0.8,10.9,5.8,13.9,1.4,0.6,8.9,17.7,,0.4,0.1,0.5,.093,,0.1,-2.2,-2.1,0.0
147,Dorian Finney-Smith\finnedo01,SF,25,DAL,29,766,11.7,.579,.518,.236,7.3,10.9,9.2,4.1,2.1,1.8,11.4,13.2,,0.8,0.9,1.7,.106,,0.3,1.1,1.4,0.7
148,Bryn Forbes\forbebr01,PG,25,SAS,31,829,11.5,.565,.490,.102,0.9,8.7,4.8,11.9,1.1,0.1,10.2,18.7,,0.7,0.3,1.0,.056,,0.8,-2.5,-1.7,0.1
149,Evan Fournier\fournev01,SG,26,ORL,28,853,12.3,.514,.451,.155,1.4,9.7,5.5,19.3,1.6,0.7,11.7,24.3,,-0.2,0.7,0.5,.029,,-0.5,-1.4,-1.9,0.0
150,De'Aaron Fox\foxde01,PG,21,SAC,30,947,18.8,.570,.234,.412,1.7,10.1,5.8,32.2,2.2,1.4,16.7,24.7,,1.5,0.7,2.2,.112,,1.8,-0.8,1.0,0.7
151,Melvin Frazier\frazime01,SG,22,ORL,3,16,-9.7,.000,.333,.000,0.0,6.9,3.4,0.0,3.1,0.0,25.0,11.0,,-0.1,0.0,-0.1,-0.241,,-14.0,0.5,-13.5,0.0
152,Tim Frazier\fraziti01,PG,28,NOP,22,437,11.2,.558,.470,.181,3.7,10.1,7.0,28.7,1.4,0.2,25.1,11.2,,0.5,0.2,0.7,.079,,-0.4,-1.7,-2.1,0.0
153,Channing Frye\fryech01,C,35,CLE,12,93,10.7,.646,.720,.120,1.1,24.5,12.4,4.6,1.1,0.9,16.0,14.7,,0.1,0.0,0.1,.068,,-1.7,-2.2,-3.9,0.0
154,Markelle Fultz\fultzma01,SG,20,PHI,19,427,10.7,.452,.090,.239,6.7,10.7,8.8,20.1,1.9,0.9,12.7,19.4,,-0.1,0.4,0.3,.036,,-2.8,-0.1,-2.9,-0.1
155,Danilo Gallinari\gallida01,SF,30,LAC,29,916,19.5,.617,.410,.456,3.4,16.3,10.1,10.8,1.0,0.7,7.8,22.6,,2.7,0.6,3.3,.174,,3.9,-1.4,2.5,1.0
156,Langston Galloway\gallola01,SG,27,DET,27,683,10.0,.535,.647,.174,2.5,8.8,5.5,7.4,0.9,0.4,5.2,15.1,,0.7,0.5,1.3,.088,,0.2,-0.9,-0.6,0.2
157,Marc Gasol\gasolma01,C,34,MEM,30,1032,18.6,.554,.328,.318,3.6,25.6,14.4,19.8,2.1,3.9,12.0,22.4,,1.0,1.9,2.9,.135,,0.4,3.7,4.1,1.6
158,Pau Gasol\gasolpa01,C,38,SAS,9,157,21.3,.599,.163,.419,7.6,31.1,19.2,26.5,0.3,4.8,12.1,16.2,,0.5,0.2,0.7,.204,,1.5,2.7,4.3,0.2
159,Rudy Gay\gayru01,SF,32,SAS,27,736,19.2,.616,.249,.190,4.6,22.9,13.6,12.7,1.6,2.0,12.1,21.2,,1.3,0.8,2.1,.140,,1.6,0.6,2.2,0.8
160,Paul George\georgpa01,SF,28,OKC,29,1012,22.9,.574,.454,.284,4.0,19.5,11.6,19.7,2.9,1.7,11.3,28.5,,2.2,2.2,4.4,.209,,4.0,2.0,6.0,2.1
161,Taj Gibson\gibsota01,PF,33,MIN,29,737,17.3,.572,.106,.298,12.2,16.9,14.5,8.0,1.8,1.9,9.5,16.8,,1.5,0.7,2.1,.139,,0.9,1.0,1.9,0.7
162,Harry Giles\gilesha01,PF,20,SAC,21,211,14.0,.487,.019,.243,9.7,18.6,14.1,17.3,2.8,1.6,16.2,26.7,,-0.2,0.3,0.1,.020,,-3.2,0.7,-2.5,0.0
163,Shai Gilgeous-Alexander\gilgesh01,PG,20,LAC,30,825,13.5,.566,.190,.312,3.6,8.4,6.1,15.3,1.7,1.8,16.3,17.7,,0.6,0.6,1.2,.069,,-0.2,0.4,0.2,0.5
164,Rudy Gobert\goberru01,C,26,UTA,31,957,24.2,.676,.000,.678,13.2,31.5,22.3,10.4,1.5,5.3,11.7,17.0,,3.1,1.9,5.0,.250,,2.1,4.8,6.8,2.2
165,Brandon Goodwin\goodwbr01,G,23,DEN,1,0,,,,,,,,,,,,,,0.0,0.0,0.0,,,-5.8,0.4,-5.4,0.0
166,Aaron Gordon\gordoaa01,PF,23,ORL,27,880,15.8,.542,.336,.194,5.8,18.5,12.1,14.3,1.4,2.0,11.5,22.2,,0.5,1.0,1.5,.084,,0.0,1.0,1.0,0.7
167,Eric Gordon\gordoer01,SG,30,HOU,26,854,9.2,.486,.578,.186,1.2,7.1,4.0,8.5,0.8,1.1,8.3,22.5,,-0.2,0.1,-0.1,-0.007,,-2.1,-3.7,-5.7,-0.8
168,Marcin Gortat\gortama01,C,34,LAC,24,422,12.3,.561,.000,.323,7.9,25.2,16.9,12.8,0.2,2.5,19.2,13.7,,0.4,0.4,0.7,.085,,-2.2,1.5,-0.7,0.1
169,Devonte' Graham\grahade01,PG,23,CHO,12,107,8.6,.464,.545,.030,0.0,9.1,4.5,24.2,1.3,0.0,15.2,15.7,,0.0,0.1,0.0,.012,,-2.8,-3.4,-6.1,-0.1
170,Treveon Graham\grahatr01,SG,25,BRK,2,27,-5.2,.000,.667,.000,3.9,12.4,8.0,4.5,1.8,0.0,40.0,7.9,,-0.1,0.0,-0.1,-0.149,,-9.5,1.3,-8.2,0.0
171,Jerami Grant\grantje01,PF,24,OKC,29,877,13.5,.601,.357,.333,3.1,12.9,7.9,4.9,1.1,3.3,8.6,14.5,,1.3,1.4,2.7,.148,,-1.0,1.7,0.6,0.6
172,Jerian Grant\grantje02,PG,26,ORL,29,562,9.1,.476,.492,.153,2.1,9.1,5.5,23.3,2.7,0.5,21.7,12.7,,-0.1,0.6,0.5,.044,,-3.0,0.4,-2.6,-0.1
173,Danny Green\greenda02,SG,31,TOR,32,956,11.6,.602,.684,.043,3.8,11.2,7.7,5.8,1.4,2.2,10.9,13.2,,1.0,1.1,2.2,.109,,1.4,1.6,3.1,1.2
174,Draymond Green\greendr01,PF,28,GSW,17,515,11.6,.475,.333,.210,2.9,24.5,14.2,29.4,2.7,2.3,32.8,14.3,,-0.3,0.9,0.6,.055,,-3.0,3.6,0.7,0.3
175,Gerald Green\greenge01,SG,33,HOU,25,432,10.8,.554,.759,.076,3.6,12.8,8.0,4.0,0.9,0.8,8.4,18.2,,0.3,0.1,0.5,.050,,-0.5,-3.8,-4.3,-0.2
176,JaMychal Green\greenja01,PF,28,MEM,18,420,16.6,.576,.255,.229,10.2,23.0,16.5,5.2,2.3,2.7,15.1,21.8,,0.2,0.7,0.9,.107,,-1.9,0.7,-1.2,0.1
177,Jeff Green\greenje02,PF,32,WAS,29,740,14.5,.626,.419,.256,5.1,15.8,10.3,6.9,1.1,1.7,12.2,16.5,,1.1,0.3,1.4,.091,,0.2,-1.2,-1.0,0.2
178,Blake Griffin\griffbl01,PF,29,DET,27,962,21.1,.581,.341,.463,3.9,24.3,13.6,25.5,0.9,1.2,15.2,30.1,,1.6,1.2,2.8,.140,,3.6,1.2,4.7,1.6
179,Daniel Hamilton\hamilda02,SG,23,ATL,5,40,3.6,.414,.500,.200,0.0,11.0,5.3,13.3,1.1,0.0,15.5,13.1,,-0.1,0.0,0.0,-0.053,,-6.2,-2.7,-8.9,-0.1
180,Tim Hardaway\hardati02,SG,26,NYK,30,1006,15.6,.536,.462,.304,1.6,8.6,4.9,13.8,1.4,0.4,9.3,27.1,,1.1,0.2,1.3,.062,,2.0,-3.6,-1.6,0.1
181,James Harden\hardeja01,SG,29,HOU,26,944,28.0,.624,.530,.489,1.8,17.4,9.3,42.5,3.0,1.2,18.2,37.4,,3.1,0.9,4.1,.206,,9.2,0.3,9.5,2.7
182,Maurice Harkless\harklma01,SF,25,POR,17,335,9.8,.533,.392,.076,2.9,15.5,9.4,5.6,1.7,3.6,11.9,11.7,,0.1,0.4,0.5,.072,,-2.0,2.2,0.2,0.2
183,Montrezl Harrell\harremo01,C,25,LAC,30,760,24.6,.644,.007,.650,10.4,17.2,13.9,10.5,1.6,4.5,10.2,22.0,,2.5,0.9,3.4,.215,,3.2,1.9,5.1,1.3
184,Devin Harris\harride01,PG,35,DAL,19,295,13.7,.548,.615,.427,0.8,10.9,5.9,13.4,3.1,1.4,10.9,18.5,,0.3,0.4,0.7,.114,,0.0,0.3,0.3,0.2
185,Gary Harris\harriga01,SG,24,DEN,21,678,15.0,.534,.374,.226,2.4,8.5,5.4,13.2,1.8,1.2,7.4,22.3,,0.8,0.8,1.6,.115,,0.9,-0.8,0.0,0.3
186,Joe Harris\harrijo01,SG,27,BRK,29,863,14.2,.639,.523,.178,2.6,10.3,6.3,12.4,1.0,0.5,11.1,16.9,,1.8,0.4,2.1,.119,,2.3,-1.3,1.0,0.7
187,Tobias Harris\harrito02,PF,26,LAC,30,1041,19.0,.610,.300,.229,2.2,22.2,12.6,10.2,0.8,0.9,10.2,24.1,,1.9,0.9,2.8,.129,,1.9,-1.0,1.0,0.8
188,Andrew Harrison\harrian01,SG-PG,24,TOT,15,177,7.3,.466,.440,.360,3.0,8.2,5.6,17.4,1.1,1.0,14.7,16.7,,0.0,0.0,0.0,.007,,-2.7,-2.5,-5.2,-0.1
188,Andrew Harrison\harrian01,PG,24,MEM,1,5,5.0,.500,.500,.000,0.0,0.0,0.0,0.0,0.0,0.0,0.0,18.4,,0.0,0.0,0.0,-0.010,,-3.8,-6.0,-9.8,0.0
188,Andrew Harrison\harrian01,SG,24,CLE,10,144,6.9,.467,.359,.410,3.0,8.7,5.7,16.2,1.4,1.2,17.8,17.0,,-0.1,0.0,0.0,-0.011,,-3.5,-1.9,-5.3,-0.1
188,Andrew Harrison\harrian01,SG,24,NOP,4,28,9.7,.455,.778,.222,3.8,7.3,5.6,26.9,0.0,0.0,0.0,14.5,,0.1,0.0,0.1,.101,,1.5,-5.2,-3.7,0.0
189,Shaquille Harrison\harrish01,PG,25,CHI,22,355,12.9,.468,.265,.389,1.8,15.5,8.6,15.4,4.5,1.4,12.0,18.6,,-0.3,0.6,0.3,.037,,-3.4,2.3,-1.1,0.1
190,Josh Hart\hartjo01,SG,23,LAL,31,790,11.0,.557,.609,.183,2.3,10.6,6.6,5.7,1.9,2.0,9.1,14.4,,0.5,0.9,1.4,.083,,-0.5,0.5,0.0,0.4
191,Isaiah Hartenstein\harteis01,PF,20,HOU,21,172,9.6,.575,.152,.424,10.4,11.9,11.1,8.3,1.2,4.5,23.5,13.1,,0.1,0.1,0.2,.065,,-3.0,0.9,-2.1,0.0
192,Udonis Haslem\hasleud01,C,38,MIA,3,14,-4.4,.333,.333,.000,7.3,30.1,18.5,0.0,0.0,0.0,25.0,23.9,,-0.1,0.0,-0.1,-0.235,,-15.8,-7.6,-23.4,-0.1
193,Gordon Hayward\haywago01,SF,28,BOS,25,659,15.4,.535,.407,.238,4.0,17.1,10.5,19.3,2.1,0.8,12.4,19.0,,0.8,1.2,1.9,.141,,0.2,1.7,1.8,0.6
194,John Henson\hensojo01,C,28,MIL,14,188,17.5,.553,.463,.149,9.2,28.6,19.4,10.2,1.7,5.0,14.4,18.6,,0.2,0.4,0.6,.148,,-1.4,3.2,1.9,0.2
195,Juan Hernangomez\hernaju01,PF,23,DEN,29,799,14.0,.631,.562,.299,6.5,15.6,11.1,4.9,0.9,1.7,9.2,13.4,,1.6,1.0,2.5,.152,,1.5,0.1,1.6,0.7
196,Willy Hernangomez\hernawi01,C,24,CHO,21,267,23.3,.654,.214,.459,14.4,23.4,18.9,9.2,1.4,2.9,13.3,21.7,,0.9,0.3,1.2,.217,,2.7,-0.3,2.4,0.3
197,Mario Hezonja\hezonma01,SF,23,NYK,30,544,8.2,.453,.361,.159,1.9,17.7,9.4,8.3,1.9,0.5,12.3,21.4,,-0.8,0.3,-0.5,-0.044,,-4.3,-1.9,-6.2,-0.6
198,Buddy Hield\hieldbu01,SG,25,SAC,30,919,17.0,.596,.440,.124,3.8,13.4,8.5,11.9,0.7,1.1,11.0,24.7,,1.3,0.4,1.7,.091,,2.6,-2.3,0.3,0.5
199,Nene Hilario\hilarne01,C,36,HOU,8,114,15.0,.584,.063,.219,8.8,19.1,13.7,9.6,1.3,2.3,7.9,14.7,,0.3,0.1,0.3,.144,,-1.2,-0.3,-1.5,0.0
200,George Hill\hillge01,PG,32,TOT,17,417,11.7,.547,.286,.183,3.6,6.0,4.8,14.7,1.8,0.4,13.9,16.5,,0.3,0.1,0.4,.051,,-0.6,-1.7,-2.4,0.0
200,George Hill\hillge01,PG,32,CLE,13,344,13.9,.604,.262,.187,3.7,5.0,4.3,16.0,1.7,0.2,14.7,17.3,,0.5,0.0,0.6,.077,,0.8,-2.3,-1.5,0.0
200,George Hill\hillge01,PG,32,MIL,4,73,1.2,.221,.421,.158,3.0,10.7,7.0,8.1,1.9,1.2,9.0,12.8,,-0.2,0.1,-0.1,-0.073,,-7.6,1.1,-6.5,-0.1
201,Solomon Hill\hillso01,SF,27,NOP,19,416,7.5,.518,.554,.189,4.7,11.8,8.3,7.2,1.3,1.0,15.8,9.4,,0.1,0.2,0.3,.039,,-1.3,0.2,-1.2,0.1
202,Aaron Holiday\holidaa01,PG,22,IND,18,229,13.6,.508,.510,.194,1.0,16.4,8.9,16.2,2.1,2.3,10.9,22.8,,0.0,0.4,0.4,.087,,-1.5,0.6,-0.9,0.1
203,Jrue Holiday\holidjr01,SG,28,NOP,31,1139,18.6,.553,.298,.257,3.3,8.7,6.1,34.3,2.3,1.6,16.9,24.9,,1.6,0.8,2.4,.102,,2.5,-0.6,2.0,1.1
204,Justin Holiday\holidju01,SG,29,CHI,31,1086,12.2,.555,.709,.103,1.5,12.3,6.9,10.3,2.4,1.3,9.4,15.4,,0.5,1.0,1.5,.065,,0.6,0.7,1.3,0.9
205,John Holland\hollajo02,SF,30,CLE,1,1,0.0,,,,0.0,0.0,0.0,0.0,0.0,0.0,,0.0,,0.0,0.0,0.0,-0.028,,-6.0,-0.6,-6.6,0.0
206,Rondae Hollis-Jefferson\holliro01,SF,24,BRK,28,687,13.3,.477,.104,.402,5.9,20.7,13.1,11.3,1.8,1.3,10.0,21.1,,0.1,0.7,0.7,.052,,-3.4,0.6,-2.8,-0.1
207,Richaun Holmes\holmeri01,C,25,PHO,30,454,21.4,.681,.000,.409,12.0,21.2,16.6,6.2,1.8,6.4,15.2,18.4,,1.0,0.6,1.6,.172,,-0.3,2.3,2.0,0.5
208,Rodney Hood\hoodro01,SG,26,CLE,30,847,13.8,.551,.325,.241,1.5,8.7,5.0,11.6,1.4,0.3,6.8,19.8,,1.3,0.1,1.4,.078,,0.8,-2.5,-1.7,0.1
209,Al Horford\horfoal01,C,32,BOS,22,660,17.2,.566,.360,.132,5.4,17.2,11.3,16.4,1.2,5.2,12.0,17.9,,0.9,1.3,2.2,.157,,0.4,3.8,4.1,1.0
210,Danuel House\houseda01,SF,25,HOU,11,224,11.0,.568,.627,.441,5.0,12.4,8.5,4.6,0.9,0.8,9.0,15.2,,0.3,0.1,0.4,.077,,-0.7,-2.8,-3.5,-0.1
211,Dwight Howard\howardw01,C,33,WAS,9,230,17.8,.638,.000,.696,11.2,28.6,19.7,2.6,1.4,1.5,15.1,19.6,,0.4,0.2,0.6,.124,,-2.7,-2.4,-5.0,-0.2
212,Kevin Huerter\huertke01,SG,20,ATL,29,669,9.9,.563,.574,.125,3.4,11.1,7.2,13.2,1.5,1.4,17.0,13.6,,0.2,0.2,0.5,.035,,-1.4,-0.6,-2.0,0.0
213,Chandler Hutchison\hutchch01,SF,22,CHI,26,450,7.7,.478,.260,.270,3.8,19.2,11.5,5.8,1.5,0.8,13.2,12.6,,-0.3,0.4,0.1,.012,,-5.1,0.1,-5.0,-0.3
214,Serge Ibaka\ibakase01,C,29,TOR,31,864,20.8,.613,.206,.209,8.4,19.8,14.4,7.3,0.9,3.9,11.3,23.9,,1.8,1.3,3.1,.173,,1.1,1.0,2.1,0.9
215,Andre Iguodala\iguodan01,SF,35,GSW,26,601,11.3,.572,.437,.252,3.6,11.6,7.8,15.7,1.7,2.3,17.9,10.0,,0.6,0.6,1.2,.098,,-0.3,1.2,0.9,0.4
216,Ersan Ilyasova\ilyaser01,PF,31,MIL,24,477,12.6,.549,.430,.215,8.6,19.1,14.1,7.7,1.3,1.1,11.4,16.2,,0.6,0.7,1.3,.130,,-0.7,0.5,-0.2,0.2
217,Joe Ingles\inglejo01,SF,31,UTA,31,967,12.6,.559,.568,.168,1.2,12.6,6.9,22.4,2.5,0.5,17.9,17.8,,0.3,1.3,1.6,.079,,0.3,1.0,1.3,0.8
218,Brandon Ingram\ingrabr01,SG,21,LAL,20,615,11.5,.522,.135,.363,2.5,10.9,6.8,9.9,1.1,1.8,13.4,22.7,,-0.2,0.5,0.3,.024,,-3.7,-0.8,-4.4,-0.4
219,Kyrie Irving\irvinky01,PG,26,BOS,27,857,24.2,.585,.372,.184,3.8,12.3,8.0,33.9,2.6,1.3,12.1,29.9,,2.2,1.5,3.8,.211,,6.0,1.2,7.2,2.0
220,Jonathan Isaac\isaacjo01,SF,21,ORL,23,549,11.8,.524,.351,.318,4.5,19.1,11.7,5.2,1.7,4.7,13.8,16.4,,-0.1,0.8,0.7,.064,,-3.8,2.5,-1.3,0.1
221,Wesley Iwundu\iwundwe01,SF,24,ORL,20,336,6.8,.479,.275,.338,2.5,10.5,6.5,8.1,0.9,1.0,10.7,13.5,,-0.1,0.2,0.2,.025,,-4.4,-0.4,-4.8,-0.2
222,Demetrius Jackson\jacksde01,PG,24,PHI,1,6,12.6,1.000,.000,.000,0.0,0.0,0.0,0.0,7.9,0.0,50.0,14.1,,0.0,0.0,0.0,-0.003,,-3.3,3.5,0.2,0.0
223,Frank Jackson\jacksfr01,PG,20,NOP,17,204,3.6,.473,.420,.232,1.1,4.5,2.8,5.7,0.5,0.0,12.6,17.5,,-0.2,0.0,-0.2,-0.048,,-4.3,-4.1,-8.4,-0.3
224,Jaren Jackson\jacksja02,C,19,MEM,30,755,17.8,.591,.260,.327,5.1,16.2,10.5,8.4,2.0,6.7,12.5,22.4,,0.7,1.4,2.0,.130,,-0.9,3.1,2.2,0.8
225,Josh Jackson\jacksjo02,SG,21,PHO,31,664,8.2,.452,.266,.252,3.2,16.4,9.7,16.3,2.2,2.3,19.5,25.3,,-1.9,0.6,-1.3,-0.091,,-6.2,0.3,-5.9,-0.7
226,Justin Jackson\jacksju01,SF,23,SAC,29,589,11.0,.568,.521,.160,1.9,11.1,6.5,8.6,0.9,0.9,5.9,13.1,,0.7,0.2,1.0,.078,,0.2,-1.3,-1.1,0.1
227,Reggie Jackson\jacksre01,PG,28,DET,28,792,14.2,.531,.469,.274,2.2,7.6,4.8,23.6,1.3,0.4,11.6,23.6,,0.9,0.7,1.6,.098,,1.6,-1.7,-0.1,0.4
228,LeBron James\jamesle01,PF,34,LAL,31,1083,26.7,.604,.295,.398,2.7,20.3,11.8,33.1,1.7,1.7,13.1,31.6,,3.2,1.4,4.6,.204,,6.0,1.2,7.2,2.5
229,Jonas Jerebko\jerebjo01,PF,31,GSW,31,643,13.9,.618,.558,.250,7.2,20.1,14.0,11.4,1.0,0.9,12.8,14.7,,1.2,0.6,1.9,.139,,1.7,-0.5,1.2,0.5
230,Alize Johnson\johnsal02,PF,22,IND,4,12,0.1,.258,.000,.667,0.0,35.7,18.4,0.0,0.0,7.5,0.0,14.1,,0.0,0.0,0.0,-0.061,,-15.1,-0.6,-15.7,0.0
231,Amir Johnson\johnsam01,C,31,PHI,29,287,12.7,.610,.200,.288,8.0,20.3,14.3,18.2,1.2,1.9,24.3,17.5,,0.2,0.3,0.5,.092,,-1.8,0.6,-1.1,0.1
232,James Johnson\johnsja01,PF,31,MIA,14,280,9.0,.470,.390,.190,2.6,13.1,7.8,17.3,1.2,1.5,14.3,19.8,,-0.2,0.3,0.1,.020,,-3.2,-0.7,-4.0,-0.1
233,Stanley Johnson\johnsst04,SF,22,DET,24,545,11.5,.509,.507,.134,3.9,17.4,10.3,9.0,2.0,0.9,12.9,20.2,,-0.1,0.7,0.6,.052,,-1.6,0.5,-1.1,0.1
234,Tyler Johnson\johnsty01,PG,26,MIA,22,555,12.7,.546,.458,.234,1.8,10.4,6.1,14.0,1.7,1.7,12.3,19.0,,0.4,0.6,0.9,.079,,-0.6,-0.4,-1.0,0.1
235,Wesley Johnson\johnswe01,SF,31,NOP,21,351,7.6,.560,.579,.079,3.1,12.6,7.9,5.6,1.2,1.6,13.2,10.6,,0.2,0.2,0.4,.048,,-1.4,-0.3,-1.7,0.0
236,Nikola Jokic\jokicni01,C,23,DEN,30,928,25.6,.578,.252,.325,9.4,26.3,17.9,37.1,2.4,2.0,15.7,25.8,,2.7,1.8,4.6,.236,,5.6,4.1,9.7,2.7
237,Damian Jones\jonesda03,C,23,GSW,24,410,15.8,.720,.000,.500,8.7,11.2,10.0,9.0,1.4,5.2,15.1,11.2,,1.0,0.5,1.5,.175,,1.1,2.4,3.5,0.6
238,Derrick Jones\jonesde02,SF,21,MIA,19,318,14.4,.517,.255,.306,10.3,16.5,13.4,4.3,2.3,3.4,9.7,16.2,,0.2,0.5,0.7,.109,,-2.0,1.2,-0.8,0.1
239,Jalen Jones\jonesja04,SF,25,CLE,6,50,13.1,.603,.500,.286,2.1,20.5,11.0,5.8,1.0,1.7,6.0,14.7,,0.1,0.0,0.1,.109,,-0.8,-1.9,-2.8,0.0
240,Tyus Jones\jonesty01,PG,22,MIN,29,520,10.3,.419,.381,.134,1.6,8.4,5.0,22.5,3.1,0.2,10.1,12.8,,0.1,0.4,0.5,.047,,-2.1,0.0,-2.1,0.0
241,DeAndre Jordan\jordade01,C,30,DAL,29,905,17.8,.665,.000,.595,10.8,37.2,24.3,9.9,1.1,2.7,22.4,14.5,,1.5,1.6,3.1,.163,,-1.3,3.4,2.1,0.9
242,Cory Joseph\josepco01,PG,27,IND,31,805,12.1,.513,.336,.075,1.8,13.9,8.0,20.4,2.4,0.9,14.7,14.1,,0.3,1.4,1.7,.103,,-1.4,2.0,0.6,0.5
243,Frank Kaminsky\kaminfr01,PF,25,CHO,18,227,15.8,.591,.439,.354,5.7,16.6,11.1,13.0,0.8,1.9,12.9,20.5,,0.3,0.2,0.5,.109,,0.7,-1.5,-0.8,0.1
244,Enes Kanter\kanteen01,C,26,NYK,32,874,23.0,.602,.042,.279,15.8,29.1,22.2,12.5,0.7,1.3,13.9,22.4,,2.3,0.6,2.9,.159,,2.2,-0.5,1.7,0.8
245,Luke Kennard\kennalu01,SG,22,DET,11,213,7.8,.522,.478,.029,0.9,15.2,7.7,9.0,0.7,1.2,14.7,16.0,,-0.1,0.2,0.1,.026,,-3.4,-0.2,-3.6,-0.1
246,Michael Kidd-Gilchrist\kiddgmi01,PF,25,CHO,22,429,16.0,.544,.113,.319,10.0,19.1,14.5,8.3,0.9,5.0,8.5,17.5,,0.7,0.5,1.2,.132,,-0.9,1.3,0.4,0.3
247,George King\kingge03,SF,25,PHO,1,6,2.0,,,,0.0,18.7,9.3,0.0,0.0,0.0,,0.0,,0.0,0.0,0.0,.010,,-8.7,-1.2,-9.9,0.0
248,Maxi Kleber\klebima01,PF,27,DAL,25,444,14.9,.551,.576,.227,7.6,14.3,11.0,6.0,1.4,5.9,8.8,15.3,,0.5,0.6,1.2,.128,,-0.2,2.2,2.0,0.5
249,Brandon Knight\knighbr03,PG,27,HOU,3,16,-5.4,.214,.571,.000,0.0,15.1,7.2,8.6,0.0,0.0,0.0,19.3,,-0.1,0.0,-0.1,-0.206,,-10.4,-5.3,-15.7,-0.1
250,Kevin Knox\knoxke01,PF,19,NYK,25,586,9.7,.468,.421,.230,3.6,14.7,8.9,5.7,1.1,1.5,8.9,22.6,,-0.4,0.2,-0.2,-0.017,,-2.9,-2.8,-5.7,-0.5
251,Furkan Korkmaz\korkmfu01,SG,21,PHI,24,342,11.4,.496,.558,.109,2.9,14.0,8.6,12.6,2.1,0.5,7.5,18.0,,0.1,0.4,0.5,.068,,-1.0,-1.1,-2.1,0.0
252,Luke Kornet\kornelu01,PF,23,NYK,10,71,14.1,.508,.810,.286,7.2,17.1,11.9,9.7,2.0,4.8,14.5,16.4,,0.0,0.1,0.1,.066,,-0.5,0.8,0.4,0.0
253,Kyle Korver\korveky01,PF-SG,37,TOT,25,399,11.0,.606,.713,.169,0.6,11.9,6.1,8.3,0.5,1.0,13.6,18.5,,0.3,0.1,0.4,.051,,-0.2,-2.9,-3.1,-0.1
253,Kyle Korver\korveky01,PF,37,CLE,16,251,11.7,.650,.711,.211,0.0,13.2,6.4,10.1,0.6,0.7,17.0,17.4,,0.3,0.0,0.3,.057,,0.3,-3.1,-2.7,0.0
253,Kyle Korver\korveky01,SG,37,UTA,9,148,9.8,.547,.717,.117,1.5,9.8,5.7,5.3,0.3,1.7,8.7,20.3,,0.0,0.1,0.1,.042,,-1.1,-2.7,-3.8,-0.1
254,Kosta Koufos\koufoko01,C,29,SAC,16,245,12.1,.475,.000,.046,8.4,28.9,18.5,9.8,1.9,2.4,13.1,12.9,,0.1,0.3,0.4,.077,,-3.4,2.3,-1.1,0.1
255,Rodions Kurucs\kurucro01,SF,20,BRK,15,231,14.5,.598,.391,.218,6.0,16.9,11.3,4.1,1.3,0.7,12.0,20.0,,0.3,0.2,0.5,.095,,-0.9,-2.3,-3.3,-0.1
256,Kyle Kuzma\kuzmaky01,SF,23,LAL,31,995,15.9,.568,.382,.190,2.6,15.8,9.4,10.2,0.9,1.4,9.8,22.9,,1.1,0.9,2.0,.098,,0.1,-1.1,-0.9,0.3
257,Skal Labissiere\labissk01,PF,22,SAC,8,69,7.2,.566,.421,.474,1.5,19.9,10.6,5.5,1.3,2.5,20.7,17.4,,-0.1,0.1,0.0,.009,,-4.4,-0.6,-5.0,-0.1
258,Jeremy Lamb\lambje01,SG,26,CHO,29,825,16.8,.551,.331,.254,3.2,18.0,10.6,9.3,2.0,0.9,6.0,21.7,,1.2,0.9,2.0,.119,,0.7,-0.7,-0.1,0.4
259,Zach LaVine\lavinza01,SG,23,CHI,28,987,17.4,.556,.275,.321,1.3,13.6,7.4,24.9,1.5,1.3,15.9,31.6,,-0.1,0.7,0.6,.027,,0.5,-1.1,-0.6,0.3
260,Jake Layman\laymaja01,SF,24,POR,23,360,12.8,.599,.490,.108,4.8,11.6,8.3,2.7,2.0,1.8,11.6,14.2,,0.3,0.3,0.7,.090,,-0.2,-0.2,-0.3,0.2
261,T.J. Leaf\leaftj01,PF,21,IND,16,117,8.7,.433,.268,.098,9.7,14.7,12.3,6.0,0.8,1.5,10.5,17.9,,-0.1,0.2,0.1,.029,,-4.7,-0.9,-5.6,-0.1
262,Courtney Lee\leeco01,SG,33,NYK,7,106,14.4,.502,.343,.314,4.8,15.6,10.0,16.4,1.8,0.8,4.8,16.6,,0.2,0.1,0.2,.098,,0.2,-1.2,-1.0,0.0
263,Damion Lee\leeda03,SG,26,GSW,15,191,10.4,.606,.545,.218,1.8,14.2,8.3,2.1,2.0,0.0,11.7,15.4,,0.1,0.2,0.3,.075,,-1.4,-2.4,-3.8,-0.1
264,Alex Len\lenal01,C,25,ATL,28,535,14.3,.578,.254,.391,8.9,18.0,13.3,7.3,0.7,4.1,15.4,20.8,,0.3,0.3,0.7,.059,,-2.2,-0.7,-2.9,-0.1
265,Kawhi Leonard\leonaka01,SF,27,TOR,24,839,25.6,.600,.260,.359,4.2,20.9,13.0,14.0,2.4,1.4,8.8,29.7,,2.5,1.4,3.9,.223,,3.6,1.2,4.8,1.4
266,Meyers Leonard\leoname01,C,26,POR,27,336,17.5,.644,.480,.265,8.6,23.7,16.4,12.6,1.0,0.7,13.4,15.9,,0.9,0.3,1.2,.175,,2.4,-0.2,2.2,0.4
267,Jon Leuer\leuerjo01,PF,29,DET,16,168,16.1,.664,.100,.260,7.2,18.0,12.3,5.7,1.4,0.5,13.9,16.1,,0.3,0.2,0.5,.147,,-0.9,-0.2,-1.1,0.0
268,Caris LeVert\leverca01,SF,24,BRK,14,416,18.7,.557,.299,.299,3.6,12.3,7.8,21.1,2.0,0.9,11.5,26.8,,0.6,0.3,0.9,.105,,1.7,-0.9,0.8,0.3
269,Damian Lillard\lillada01,PG,28,POR,30,1057,25.2,.596,.396,.383,2.3,12.2,7.4,28.4,1.2,1.0,10.1,30.6,,4.0,0.7,4.7,.213,,7.1,-1.4,5.6,2.0
270,Jeremy Lin\linje01,PG,30,ATL,26,479,17.2,.635,.390,.428,1.3,12.1,6.5,26.8,2.0,0.4,18.7,23.2,,0.8,0.2,1.0,.101,,1.2,-2.5,-1.3,0.1
271,Shaun Livingston\livinsh01,PG,33,GSW,21,345,11.5,.492,.012,.317,6.0,7.6,6.8,16.6,1.7,2.5,13.8,13.5,,0.3,0.3,0.6,.083,,-2.2,0.4,-1.7,0.0
272,Zach Lofton\loftoza01,SG,26,DET,1,4,-9.8,.000,1.000,.000,0.0,0.0,0.0,0.0,12.0,0.0,50.0,20.8,,0.0,0.0,0.0,-0.429,,-16.1,8.3,-7.8,0.0
273,Kevon Looney\looneke01,C,22,GSW,31,625,16.1,.630,.031,.359,14.2,14.5,14.4,12.6,0.8,3.4,13.2,12.0,,1.7,0.6,2.3,.177,,2.0,1.5,3.5,0.9
274,Brook Lopez\lopezbr01,C,30,MIL,29,811,13.2,.573,.698,.119,1.9,12.9,7.7,5.6,0.8,5.9,8.8,17.0,,0.6,1.3,1.9,.114,,-0.2,2.1,1.9,0.8
275,Robin Lopez\lopezro01,C,30,CHI,24,408,9.5,.560,.080,.186,5.8,7.9,6.9,9.2,0.5,4.8,22.3,16.9,,-0.2,0.2,0.0,-0.003,,-4.8,0.7,-4.1,-0.2
276,Kevin Love\loveke01,PF,30,CLE,4,136,16.0,.478,.369,.508,7.8,36.8,21.8,15.6,0.4,0.6,11.2,28.8,,0.0,0.1,0.1,.043,,-1.6,-2.1,-3.6,-0.1
277,Kyle Lowry\lowryky01,PG,32,TOR,29,992,18.4,.570,.573,.238,1.6,11.8,7.0,38.9,2.0,1.1,18.1,19.3,,2.3,1.2,3.5,.170,,3.4,0.3,3.7,1.4
278,Jordan Loyd\loydjo01,PG,25,TOR,3,17,32.1,1.261,.667,1.333,6.7,24.1,15.9,8.2,0.0,0.0,17.4,14.6,,0.1,0.0,0.2,.426,,11.2,-2.3,8.8,0.0
279,Timothe Luwawu-Cabarrot\luwawti01,SF,23,OKC,16,116,4.4,.401,.512,.146,3.5,11.9,7.6,4.5,1.6,0.7,10.3,17.1,,-0.2,0.2,0.0,.001,,-6.1,-1.1,-7.2,-0.2
280,Tyler Lydon\lydonty01,PF,22,DEN,9,29,19.7,.901,.500,.250,7.5,7.5,7.5,0.0,0.0,0.0,10.1,14.6,,0.1,0.0,0.1,.194,,4.1,-5.9,-1.8,0.0
281,Trey Lyles\lylestr01,PF,23,DEN,30,621,12.3,.501,.383,.278,3.9,20.6,12.2,10.4,1.4,2.1,13.1,23.7,,-0.3,0.9,0.6,.049,,-2.8,-0.1,-2.9,-0.1
282,Shelvin Mack\macksh01,PG,28,MEM,30,748,11.6,.533,.363,.224,1.7,8.5,5.0,19.9,2.0,0.3,13.7,17.5,,0.2,0.8,1.0,.064,,-1.4,-0.8,-2.2,0.0
283,Daryl Macon\maconda01,SG,23,DAL,1,1,0.0,,,,0.0,0.0,0.0,0.0,0.0,0.0,,0.0,,0.0,0.0,0.0,.006,,-6.0,0.4,-5.6,0.0
284,Ian Mahinmi\mahinia01,C,32,WAS,16,214,10.4,.528,.200,1.171,11.5,16.2,13.8,4.7,1.5,2.0,13.1,12.1,,0.3,0.1,0.4,.083,,-2.4,-0.4,-2.8,0.0
285,Thon Maker\makerth01,C,21,MIL,21,250,13.3,.544,.624,.235,4.3,19.6,12.3,6.4,0.7,4.1,6.0,16.7,,0.3,0.4,0.7,.129,,-1.2,0.6,-0.6,0.1
286,Boban Marjanovic\marjabo01,C,30,LAC,23,254,29.8,.683,.010,.690,17.9,27.0,22.6,8.6,1.5,4.5,14.4,25.5,,1.1,0.4,1.5,.280,,3.3,0.7,4.0,0.4
287,Lauri Markkanen\markkla01,PF,21,CHI,8,226,14.1,.478,.479,.124,6.2,21.5,13.8,4.5,2.6,3.0,9.9,27.5,,-0.4,0.3,-0.1,-0.015,,-3.3,-1.3,-4.6,-0.1
288,Jarell Martin\martija01,PF,24,ORL,17,159,5.8,.428,.396,.104,3.4,18.8,10.9,8.8,0.6,1.6,12.2,15.9,,-0.2,0.2,0.0,-0.014,,-6.0,-0.5,-6.5,-0.2
289,Frank Mason\masonfr01,PG,24,SAC,25,347,12.3,.480,.347,.331,1.2,9.8,5.4,27.8,1.9,1.0,16.3,19.8,,0.0,0.2,0.2,.032,,-2.1,-2.0,-4.0,-0.2
290,Wesley Matthews\matthwe02,SG,32,DAL,25,772,13.2,.564,.524,.276,2.0,6.4,4.3,12.3,1.4,0.5,8.7,19.7,,1.1,0.6,1.7,.103,,1.2,-1.7,-0.5,0.3
291,Luc Mbah a Moute\mbahalu01,PF,32,LAC,4,61,7.1,.495,.333,.278,3.6,8.4,6.1,4.6,0.8,1.2,9.0,15.5,,0.0,0.0,0.0,.009,,-2.7,-1.9,-4.7,0.0
292,CJ McCollum\mccolcj01,SG,27,POR,29,998,17.6,.559,.321,.166,2.9,8.4,5.7,12.3,1.2,1.0,8.1,26.2,,1.7,0.5,2.2,.106,,2.0,-2.1,0.0,0.5
293,T.J. McConnell\mccontj01,PG,26,PHI,26,490,12.9,.604,.113,.081,2.0,8.1,5.1,23.4,2.5,1.1,22.4,14.2,,0.4,0.5,0.9,.088,,-1.8,-0.3,-2.1,0.0
294,Doug McDermott\mcderdo01,SF,27,IND,31,545,12.8,.655,.602,.217,1.3,6.9,4.2,6.5,0.8,0.7,7.4,15.3,,1.1,0.6,1.7,.145,,1.3,-1.6,-0.3,0.2
295,JaVale McGee\mcgeeja01,C,31,LAL,29,682,21.9,.640,.016,.235,11.5,17.8,14.8,5.2,1.5,8.5,14.9,19.2,,1.3,1.2,2.5,.173,,-0.6,3.8,3.2,0.9
296,Rodney McGruder\mcgruro01,SG,27,MIA,29,900,11.0,.540,.430,.151,3.6,12.0,7.8,12.5,1.3,0.4,11.9,15.7,,0.7,0.8,1.4,.077,,-0.5,-0.2,-0.8,0.3
297,Alfonzo McKinnie\mckinal01,SF,26,GSW,22,347,12.5,.575,.440,.174,9.9,17.7,14.0,3.9,0.4,1.5,8.6,15.9,,0.5,0.3,0.7,.103,,-0.2,-2.5,-2.7,-0.1
298,Ben McLemore\mclembe01,SG,25,SAC,9,59,1.4,.371,.704,.222,0.0,9.0,4.4,4.2,0.8,0.0,3.3,21.6,,-0.1,0.0,-0.1,-0.102,,-5.1,-5.4,-10.4,-0.1
299,Jordan McRae\mcraejo01,SG,27,WAS,5,25,0.2,.125,.250,.000,0.0,17.9,8.7,9.8,1.9,3.4,0.0,13.6,,-0.1,0.0,-0.1,-0.181,,-11.4,0.7,-10.8,-0.1
300,Salah Mejri\mejrisa01,C,32,DAL,9,56,12.4,.627,.182,.364,10.0,30.7,20.6,7.6,0.0,1.5,19.0,12.0,,0.1,0.1,0.2,.129,,-3.0,-0.1,-3.1,0.0
301,De'Anthony Melton\meltode01,PG,20,PHO,14,261,10.6,.482,.427,.063,1.7,13.7,7.7,23.7,3.3,1.0,19.6,20.6,,-0.3,0.3,-0.1,-0.014,,-3.1,0.2,-2.9,-0.1
302,Chimezie Metu\metuch01,PF,21,SAS,18,105,12.5,.453,.048,.357,8.2,19.0,13.6,14.8,2.3,1.6,17.1,24.4,,-0.1,0.1,0.0,-0.009,,-5.1,0.1,-5.0,-0.1
303,Khris Middleton\middlkh01,SF,27,MIL,27,836,15.7,.565,.504,.255,1.3,17.1,9.6,17.8,1.8,0.3,13.1,24.2,,0.9,1.3,2.1,.123,,0.9,0.1,1.0,0.6
304,C.J. Miles\milescj01,SF,31,TOR,26,390,6.5,.458,.650,.193,1.8,9.7,6.0,5.6,1.2,1.2,9.0,18.5,,-0.3,0.4,0.1,.012,,-2.8,-1.2,-3.9,-0.2
305,Darius Miller\milleda01,SF,28,NOP,27,571,8.2,.571,.797,.123,0.9,5.6,3.3,9.1,1.5,0.7,11.6,11.8,,0.4,0.2,0.6,.051,,0.2,-1.6,-1.3,0.1
306,Patty Mills\millspa02,PG,30,SAS,31,768,12.7,.580,.571,.197,1.3,10.0,5.6,15.3,1.1,0.8,11.5,16.3,,1.0,0.4,1.3,.084,,1.3,-1.7,-0.4,0.3
307,Paul Millsap\millspa01,PF,33,DEN,25,670,20.0,.585,.223,.401,8.5,19.7,14.1,10.8,2.5,3.8,12.4,21.2,,1.2,1.3,2.5,.178,,1.1,2.8,3.9,1.0
308,Shake Milton\miltosh01,SG,22,PHI,6,36,15.7,.536,.500,.000,9.2,5.8,7.4,16.5,1.3,2.2,0.0,16.4,,0.1,0.0,0.1,.161,,2.7,-1.8,0.8,0.0
309,Nikola Mirotic\mirotni01,PF,27,NOP,25,749,18.2,.586,.542,.246,5.7,26.1,16.2,4.9,1.2,1.7,7.7,22.0,,1.4,0.7,2.1,.136,,1.5,-1.9,-0.4,0.3
310,Donovan Mitchell\mitchdo01,SG,22,UTA,27,872,15.4,.517,.357,.222,1.5,9.4,5.5,17.8,2.6,0.8,11.2,30.7,,-0.3,1.1,0.8,.046,,-0.4,-0.7,-1.1,0.2
311,Naz Mitrou-Long\mitrona01,SG,25,UTA,1,4,-13.7,.000,1.000,.000,0.0,0.0,0.0,0.0,0.0,0.0,0.0,10.8,,0.0,0.0,0.0,-0.247,,-11.0,-3.1,-14.0,0.0
312,Malik Monk\monkma01,SG,20,CHO,28,540,12.5,.515,.541,.192,1.4,8.6,5.0,15.0,1.4,1.3,11.4,25.8,,-0.1,0.3,0.2,.021,,-0.4,-3.0,-3.4,-0.2
313,Greg Monroe\monrogr01,C,28,TOR,15,120,15.4,.498,.038,.226,19.0,23.1,21.1,6.2,2.4,0.0,17.1,25.3,,0.0,0.2,0.2,.063,,-3.5,-0.9,-4.5,-0.1
314,E'Twaun Moore\mooreet01,SF,29,NOP,28,838,12.7,.584,.311,.130,3.1,5.4,4.3,10.0,1.1,0.6,9.5,18.0,,1.1,0.2,1.3,.072,,0.9,-2.2,-1.3,0.2
315,Jaylen Morris\morrija01,SG,23,MIL,4,29,12.4,.460,.300,.200,0.0,16.9,8.9,18.2,3.2,0.0,8.4,17.2,,0.0,0.1,0.1,.087,,-3.4,0.9,-2.5,0.0
316,Marcus Morris\morrima03,PF,29,BOS,28,760,16.7,.626,.472,.210,3.0,21.5,12.1,8.6,1.1,0.6,11.0,21.2,,1.4,1.2,2.6,.164,,1.2,-0.3,0.8,0.5
317,Markieff Morris\morrima02,PF,29,WAS,30,771,12.9,.550,.446,.221,4.9,17.2,10.9,10.1,1.3,2.0,11.5,19.1,,0.5,0.4,0.9,.055,,-0.7,-0.8,-1.5,0.1
318,Monte Morris\morrimo01,PG,23,DEN,30,746,16.5,.566,.293,.105,1.6,10.5,6.0,23.8,2.0,0.2,6.9,16.6,,1.7,0.9,2.6,.164,,1.7,-0.6,1.1,0.6
319,Emmanuel Mudiay\mudiaem01,PG,22,NYK,25,629,17.2,.559,.293,.283,2.4,10.7,6.4,22.7,1.6,1.4,13.4,23.9,,0.8,0.2,1.0,.078,,1.3,-1.9,-0.5,0.2
320,Jamal Murray\murraja01,PG,21,DEN,30,1038,14.4,.512,.303,.198,2.7,11.4,7.1,22.0,1.3,1.2,12.5,24.4,,0.6,1.2,1.8,.081,,-0.1,-0.4,-0.5,0.4
321,Dzanan Musa\musadz01,SG,19,BRK,7,26,5.8,.403,.429,.143,4.1,8.6,6.3,6.5,3.8,0.0,16.8,29.4,,-0.1,0.0,-0.1,-0.184,,-7.7,-2.5,-10.2,-0.1
322,Mike Muscala\muscami01,PF,27,PHI,25,589,11.5,.574,.720,.338,5.6,15.0,10.4,8.6,0.7,2.2,11.7,14.6,,0.7,0.5,1.3,.102,,0.4,-0.4,0.0,0.3
323,Svi Mykhailiuk\mykhasv01,SF,21,LAL,20,225,5.4,.448,.647,.191,2.4,5.4,3.9,10.0,1.7,0.0,16.0,16.2,,-0.3,0.2,-0.1,-0.026,,-3.8,-2.1,-5.9,-0.2
324,Abdel Nader\naderab01,SF,25,OKC,13,42,9.9,.576,.231,.154,2.4,25.3,13.6,3.4,2.2,2.0,26.5,18.3,,-0.1,0.1,0.0,.032,,-8.0,0.7,-7.2,-0.1
325,Larry Nance\nancela02,C,26,CLE,29,721,18.2,.582,.169,.301,8.6,23.5,15.8,18.1,2.6,2.4,14.8,14.8,,1.3,0.7,2.1,.138,,1.3,2.9,4.2,1.1
326,Shabazz Napier\napiesh01,PG,27,BRK,23,345,14.4,.522,.425,.349,2.5,9.4,5.8,14.4,2.4,1.6,11.1,23.5,,0.2,0.3,0.5,.074,,-0.8,-1.1,-1.9,0.0
327,Raul Neto\netora01,PG,26,UTA,11,123,15.8,.601,.395,.263,1.8,10.0,5.9,33.9,2.4,0.0,20.6,18.8,,0.2,0.1,0.3,.130,,0.1,-1.5,-1.4,0.0
328,Georges Niang\niangge01,PF,25,UTA,21,150,14.9,.623,.698,.170,2.2,17.2,9.7,13.5,1.3,0.6,9.5,18.2,,0.3,0.2,0.5,.145,,1.6,-1.1,0.5,0.1
329,Joakim Noah\noahjo01,C,33,MEM,8,115,9.8,.498,.000,.424,7.9,19.4,13.5,12.2,1.3,4.1,23.5,20.5,,-0.2,0.2,0.0,.002,,-6.7,2.1,-4.7,-0.1
330,Nerlens Noel\noelne01,C,24,OKC,28,398,21.7,.621,.000,.327,14.1,22.7,18.3,4.6,3.4,8.1,13.4,14.5,,0.8,1.2,2.0,.242,,-1.2,6.3,5.1,0.7
331,Dirk Nowitzki\nowitdi01,PF,40,DAL,3,22,7.6,.474,.375,.125,0.0,29.3,15.0,6.8,0.0,0.0,10.6,18.3,,0.0,0.0,0.0,.005,,-6.8,-2.6,-9.3,0.0
332,Frank Ntilikina\ntilila01,PG,20,NYK,29,654,6.5,.449,.450,.119,0.8,8.6,4.5,16.1,1.5,1.4,16.5,16.4,,-0.6,0.2,-0.5,-0.033,,-3.3,-1.5,-4.9,-0.5
333,James Nunnally\nunnaja01,SF,28,MIN,9,52,10.3,.506,.579,.211,0.0,6.2,3.1,13.5,0.9,0.0,4.6,17.6,,0.1,0.0,0.1,.054,,-1.2,-4.2,-5.3,0.0
334,Jusuf Nurkic\nurkiju01,C,24,POR,30,801,23.1,.548,.068,.429,15.4,24.4,20.1,15.2,1.9,3.9,13.6,24.4,,1.7,1.2,2.9,.173,,1.5,3.0,4.5,1.3
335,David Nwaba\nwabada01,SG,26,CLE,18,294,12.9,.508,.364,.500,3.3,16.7,9.7,6.9,2.0,2.0,6.1,17.0,,0.2,0.2,0.4,.066,,-1.6,-0.6,-2.3,0.0
336,Royce O'Neale\onealro01,SF,25,UTA,31,538,8.2,.551,.367,.150,1.9,17.7,9.8,11.5,1.5,0.6,19.0,12.7,,-0.1,0.6,0.6,.052,,-3.3,1.3,-2.0,0.0
337,Kyle O'Quinn\oquinky01,C,28,IND,15,104,19.7,.504,.103,.154,13.2,27.8,20.7,27.0,1.4,6.9,16.1,20.9,,0.1,0.3,0.4,.174,,-0.9,5.7,4.8,0.2
338,Semi Ojeleye\ojelese01,PF,24,BOS,21,236,7.4,.495,.575,.151,4.0,13.6,8.8,1.2,0.6,0.4,8.3,15.5,,-0.1,0.3,0.2,.046,,-3.9,-2.4,-6.4,-0.3
339,Jahlil Okafor\okafoja01,C,23,NOP,13,70,11.8,.535,.000,.194,15.4,14.6,15.0,2.1,0.0,0.0,15.1,23.2,,0.0,0.0,0.0,.026,,-4.3,-6.0,-10.2,-0.1
340,Elie Okobo\okoboel01,PG,21,PHO,18,356,7.5,.461,.395,.113,1.6,10.4,6.0,19.1,2.0,0.7,16.6,19.2,,-0.5,0.2,-0.3,-0.034,,-4.0,-1.4,-5.4,-0.3
341,Josh Okogie\okogijo01,SG,20,MIN,22,406,9.9,.491,.406,.210,3.4,13.2,8.3,7.6,2.1,1.7,11.2,17.6,,-0.1,0.4,0.2,.027,,-2.6,0.1,-2.4,0.0
342,Victor Oladipo\oladivi01,SG,26,IND,20,647,19.6,.527,.374,.247,1.6,20.0,11.1,25.5,2.6,1.4,10.7,29.2,,0.4,1.3,1.7,.129,,1.8,1.9,3.7,0.9
343,Kelly Olynyk\olynyke01,PF,27,MIA,28,583,16.5,.611,.642,.447,4.7,17.1,10.8,15.6,1.7,1.7,14.6,19.1,,1.1,0.7,1.9,.153,,2.1,0.2,2.3,0.6
344,Cedi Osman\osmande01,SF,23,CLE,29,935,8.8,.476,.447,.212,2.0,15.7,8.6,10.7,1.1,0.6,12.1,18.1,,-0.4,0.2,-0.2,-0.010,,-2.1,-1.2,-3.3,-0.3
345,Kelly Oubre\oubreke01,SF,23,WAS,29,755,13.6,.545,.433,.279,3.4,15.5,9.3,3.9,1.7,2.3,8.1,21.0,,0.4,0.4,0.8,.050,,-1.6,-1.9,-3.4,-0.3
346,Zaza Pachulia\pachuza01,C,34,DET,26,336,16.2,.514,.024,.735,14.4,22.3,18.1,14.9,2.4,1.0,14.7,16.0,,0.6,0.5,1.1,.157,,-0.7,2.9,2.2,0.4
347,Jabari Parker\parkeja01,PF,23,CHI,29,872,12.7,.520,.238,.225,4.2,20.6,12.4,13.0,1.0,1.0,15.2,25.2,,-0.9,0.7,-0.2,-0.010,,-3.2,-0.8,-4.1,-0.5
348,Tony Parker\parketo01,PG,36,CHO,26,501,16.5,.513,.121,.291,1.3,7.7,4.5,33.5,1.4,0.5,11.3,24.2,,0.5,0.3,0.8,.077,,-0.5,-3.3,-3.7,-0.2
349,Chandler Parsons\parsoch01,SF,30,MEM,3,46,7.3,.500,.588,.000,2.5,7.7,5.0,7.0,1.1,2.1,10.5,19.0,,0.0,0.0,0.0,.000,,-3.2,-1.9,-5.1,0.0
350,Patrick Patterson\pattepa01,PF,29,OKC,29,450,7.4,.439,.631,.189,5.0,13.2,9.0,5.1,1.3,0.9,7.7,12.9,,-0.1,0.7,0.6,.063,,-3.5,0.0,-3.5,-0.2
351,Chris Paul\paulch01,PG,33,HOU,24,822,18.0,.533,.440,.291,2.2,12.6,7.2,37.6,3.2,0.7,16.8,23.0,,1.3,0.7,2.0,.117,,1.9,-0.6,1.3,0.7
352,Cameron Payne\payneca01,PG,24,CHI,28,507,11.0,.503,.363,.156,2.1,8.7,5.4,23.9,1.9,1.0,16.2,17.7,,-0.1,0.3,0.2,.022,,-2.5,-1.4,-3.8,-0.2
353,Elfrid Payton\paytoel01,PG,24,NOP,6,152,14.0,.519,.137,.216,5.0,16.2,10.7,28.2,1.5,0.5,17.7,18.3,,0.1,0.1,0.2,.073,,-0.8,-0.5,-1.4,0.0
354,Theo Pinson\pinsoth01,SG,23,BRK,3,15,7.3,.258,.667,.667,0.0,7.4,3.6,32.3,0.0,0.0,0.0,11.0,,0.0,0.0,0.0,.014,,-4.7,-5.3,-10.0,0.0
355,Mason Plumlee\plumlma01,C,28,DEN,30,568,18.2,.581,.019,.465,12.1,19.8,16.0,16.1,2.8,4.7,19.1,17.4,,0.7,1.2,1.9,.161,,0.1,4.9,5.0,1.0
356,Miles Plumlee\plumlmi01,C,30,ATL,16,155,20.5,.675,.000,.636,10.7,14.2,12.4,14.2,1.8,2.2,13.8,17.2,,0.4,0.1,0.5,.160,,1.0,-0.1,0.9,0.1
357,Jakob Poeltl\poeltja01,C,23,SAS,27,390,21.2,.661,.000,.373,16.6,20.8,18.7,9.6,0.8,4.1,15.0,15.7,,1.2,0.4,1.6,.195,,2.0,1.2,3.3,0.5
358,Quincy Pondexter\pondequ01,SF,30,SAS,25,157,13.9,.694,.407,1.000,2.8,17.7,10.1,9.1,2.2,0.0,17.1,13.1,,0.3,0.1,0.5,.141,,0.1,-0.6,-0.5,0.1
359,Otto Porter\porteot01,SF,25,WAS,25,737,15.5,.579,.399,.134,3.5,17.7,10.4,9.7,2.4,1.7,8.0,15.8,,0.9,0.6,1.5,.096,,0.3,0.6,0.9,0.5
360,Bobby Portis\portibo01,PF,23,CHI,8,195,12.2,.484,.256,.209,5.5,28.2,16.9,8.6,0.7,2.6,11.3,23.8,,-0.2,0.2,0.0,-0.005,,-5.1,-0.9,-6.0,-0.2
361,Dwight Powell\poweldw01,C,27,DAL,26,433,20.0,.667,.307,.577,8.3,18.8,13.7,10.3,1.7,2.9,13.6,19.6,,1.2,0.6,1.8,.205,,2.0,1.0,3.0,0.6
362,Norman Powell\powelno01,SG,25,TOR,11,164,10.0,.604,.524,.190,1.4,12.5,7.2,7.9,1.5,0.5,14.9,14.1,,0.1,0.2,0.3,.088,,-0.9,0.1,-0.8,0.0
363,Alex Poythress\poythal01,PF,25,ATL,13,195,12.0,.575,.286,.347,10.6,16.3,13.4,8.1,0.7,2.2,12.4,13.5,,0.2,0.1,0.3,.078,,-1.4,-0.8,-2.2,0.0
364,Zhou Qi\qizh01,PF,23,HOU,1,1,82.8,1.000,.000,.000,0.0,0.0,0.0,0.0,0.0,0.0,0.0,44.1,,0.0,0.0,0.0,1.289,,23.6,-13.4,10.2,0.0
365,Ivan Rabb\rabbiv01,PF,21,MEM,10,63,8.4,.577,.125,.313,9.0,31.7,20.1,17.6,0.8,1.5,35.5,20.6,,-0.1,0.1,0.0,-0.009,,-6.9,1.3,-5.5,-0.1
366,Chasson Randle\randlch01,G,25,WAS,1,16,21.3,.735,1.000,1.333,0.0,7.0,3.4,23.6,5.9,0.0,17.4,15.3,,0.1,0.0,0.1,.246,,4.3,-1.2,3.1,0.0
367,Julius Randle\randlju01,C,24,NOP,31,858,22.8,.615,.138,.485,9.5,26.0,18.0,15.3,1.0,1.7,13.7,26.9,,2.2,0.8,3.0,.167,,2.4,-0.2,2.2,0.9
368,J.J. Redick\redicjj01,SG,34,PHI,32,986,14.7,.583,.546,.223,0.9,6.8,3.9,14.9,0.3,0.6,8.6,23.3,,1.7,0.4,2.1,.101,,2.1,-4.0,-1.8,0.0
369,Davon Reed\reedda01,SG,23,IND,3,6,-2.6,,,,0.0,0.0,0.0,0.0,0.0,0.0,,0.0,,0.0,0.0,0.0,.030,,-6.1,0.9,-5.2,0.0
370,Josh Richardson\richajo01,SG,25,MIA,28,972,14.2,.529,.420,.223,2.6,8.8,5.7,16.4,1.7,1.3,10.5,23.7,,0.8,0.9,1.7,.086,,0.8,-1.0,-0.1,0.5
371,Malachi Richardson\richama01,SG,23,TOR,15,80,-0.3,.472,.864,.136,1.4,14.1,8.1,0.0,0.6,0.0,25.5,16.9,,-0.2,0.1,-0.2,-0.092,,-7.1,-3.9,-11.1,-0.2
372,Austin Rivers\riverau01,SG,26,WAS,29,683,7.1,.490,.546,.237,1.7,9.8,5.7,11.4,1.2,1.2,14.4,15.6,,-0.4,0.1,-0.3,-0.021,,-2.9,-1.6,-4.4,-0.4
373,Devin Robinson\robinde01,SF,23,WAS,2,18,29.0,.601,.000,.429,11.9,24.8,18.2,8.8,5.3,4.7,0.0,19.6,,0.1,0.0,0.1,.277,,2.0,3.4,5.4,0.0
374,Duncan Robinson\robindu01,PF,24,MIA,4,29,6.6,.500,1.000,.000,0.0,18.1,8.9,0.0,1.7,0.0,0.0,8.7,,0.0,0.0,0.0,.063,,-4.3,-2.9,-7.3,0.0
375,Glenn Robinson\robingl02,SF,25,DET,24,383,7.0,.490,.349,.245,2.1,8.5,5.1,4.1,1.0,1.1,10.0,14.2,,-0.1,0.3,0.3,.033,,-3.9,-0.3,-4.3,-0.2
376,Jerome Robinson\robinje01,SG,21,LAC,8,40,13.1,.639,.500,.000,0.0,7.7,4.0,4.1,0.0,0.0,5.3,20.2,,0.1,0.0,0.1,.086,,1.2,-5.4,-4.2,0.0
377,Mitchell Robinson\robinmi01,C,20,NYK,28,481,16.9,.635,.000,.360,12.5,11.5,12.0,5.3,1.9,9.1,13.4,10.4,,0.9,0.5,1.5,.149,,0.2,4.8,5.0,0.8
378,Rajon Rondo\rondora01,PG,32,LAL,11,278,13.8,.508,.239,.091,3.9,14.6,9.4,33.8,2.2,0.0,21.5,17.4,,0.2,0.3,0.5,.082,,-1.3,0.0,-1.4,0.0
379,Derrick Rose\rosede01,PG,30,MIN,28,821,19.7,.582,.227,.219,2.6,7.8,5.2,26.0,1.1,0.8,10.1,25.4,,1.9,0.2,2.1,.125,,3.1,-2.3,0.8,0.6
380,Terrence Ross\rosste01,SG,27,ORL,29,744,15.2,.575,.473,.134,0.7,11.0,5.8,10.5,1.8,1.5,9.0,23.2,,0.5,0.8,1.2,.080,,0.6,-1.1,-0.5,0.3
381,Terry Rozier\roziete01,PG,24,BOS,29,674,11.9,.491,.470,.148,2.3,17.2,9.7,15.3,1.8,0.9,9.0,17.6,,0.3,1.1,1.4,.100,,-1.5,1.2,-0.2,0.3
382,Ricky Rubio\rubiori01,PG,28,UTA,31,921,12.5,.508,.380,.271,1.3,12.0,6.7,31.0,2.4,0.5,19.3,22.9,,-0.3,1.2,0.9,.048,,-1.3,0.3,-0.9,0.2
383,D'Angelo Russell\russeda01,PG,22,BRK,32,933,17.8,.513,.401,.113,1.9,12.4,7.0,36.8,2.0,0.8,13.7,30.0,,0.6,0.7,1.3,.065,,2.3,-1.0,1.2,0.8
384,Domantas Sabonis\sabondo01,C,22,IND,29,715,24.1,.670,.023,.400,12.3,31.3,22.1,20.0,1.2,2.0,18.6,23.0,,2.0,1.5,3.5,.237,,2.6,3.1,5.7,1.4
385,Dario Saric\saricda01,PF,24,TOT,29,778,12.5,.553,.489,.214,6.4,18.5,12.5,9.2,0.8,0.5,11.5,17.8,,0.8,0.6,1.3,.083,,-0.2,-1.2,-1.3,0.1
385,Dario Saric\saricda01,PF,24,PHI,13,396,8.4,.496,.530,.227,5.8,17.1,11.6,9.1,0.5,0.6,14.7,18.1,,-0.1,0.3,0.2,.023,,-2.3,-1.4,-3.7,-0.2
385,Dario Saric\saricda01,PF,24,MIN,16,382,16.8,.610,.448,.201,6.9,19.9,13.4,9.3,1.1,0.5,8.2,17.5,,0.9,0.3,1.2,.145,,2.0,-0.9,1.1,0.3
386,Tomas Satoransky\satorto01,SG,27,WAS,31,579,13.8,.617,.295,.326,3.1,8.3,5.7,21.1,1.9,0.9,14.0,12.6,,1.2,0.1,1.3,.110,,0.1,-1.4,-1.3,0.1
387,Dennis Schroder\schrode01,PG,25,OKC,29,850,14.3,.516,.285,.216,1.7,12.9,7.2,24.2,1.7,0.5,15.0,26.2,,0.2,1.3,1.5,.082,,-1.5,-0.3,-1.8,0.0
388,Mike Scott\scottmi01,PF,30,LAC,30,457,10.2,.527,.580,.072,3.6,21.7,13.0,8.5,1.3,0.8,11.2,14.9,,0.1,0.4,0.6,.060,,-1.0,-0.2,-1.1,0.1
389,Thabo Sefolosha\sefolth01,SF,34,UTA,17,186,8.6,.521,.455,.303,1.8,25.9,13.9,5.9,3.6,0.4,24.3,11.5,,-0.2,0.4,0.2,.045,,-5.1,3.1,-2.1,0.0
390,Wayne Selden\seldewa01,SG,24,MEM,25,384,8.9,.492,.394,.159,3.5,6.1,4.8,12.7,1.3,1.2,11.9,19.2,,-0.2,0.3,0.1,.018,,-3.0,-1.6,-4.6,-0.3
391,Collin Sexton\sextoco01,PG,20,CLE,31,923,11.2,.513,.141,.179,2.3,8.9,5.5,13.6,0.8,0.3,13.7,25.2,,-0.4,-0.1,-0.4,-0.022,,-2.6,-3.1,-5.7,-0.9
392,Landry Shamet\shamela01,SG,21,PHI,32,665,10.2,.605,.721,.168,1.3,6.1,3.8,6.3,1.0,0.5,7.0,14.4,,0.8,0.4,1.2,.087,,0.8,-2.4,-1.6,0.1
393,Iman Shumpert\shumpim01,SG,28,SAC,24,619,11.5,.568,.630,.130,1.5,11.3,6.3,9.2,2.2,1.1,9.7,14.5,,0.5,0.5,1.0,.080,,0.9,0.0,0.8,0.4
394,Pascal Siakam\siakapa01,PF,24,TOR,31,926,19.2,.671,.205,.300,4.9,16.7,11.1,12.9,1.7,1.9,12.9,17.8,,2.5,1.3,3.8,.197,,2.8,2.2,5.0,1.6
395,Ben Simmons\simmobe01,PG,22,PHI,31,1031,20.9,.594,.000,.457,6.8,21.6,14.4,36.6,2.0,1.9,20.0,21.3,,2.0,1.4,3.5,.162,,1.8,2.7,4.5,1.7
396,Jonathon Simmons\simmojo02,SG,29,ORL,27,585,7.7,.450,.297,.277,2.6,9.8,6.1,14.1,1.1,1.8,14.1,19.2,,-0.7,0.5,-0.2,-0.017,,-4.8,-0.4,-5.2,-0.5
397,Anfernee Simons\simonan01,SG,19,POR,5,34,-2.4,.328,.333,.267,0.0,15.0,7.7,4.2,0.0,0.0,15.2,24.6,,-0.2,0.0,-0.2,-0.247,,-11.8,-4.7,-16.5,-0.1
398,Marcus Smart\smartma01,SG,24,BOS,29,731,13.0,.534,.604,.320,3.3,8.7,6.0,21.5,3.4,1.5,17.2,13.7,,0.8,1.4,2.2,.142,,0.2,2.5,2.7,0.9
399,Dennis Smith\smithde03,PG,21,DAL,21,596,11.4,.521,.332,.239,2.4,9.2,5.9,22.5,2.2,1.4,20.8,23.7,,-0.5,0.7,0.1,.011,,-2.4,0.0,-2.4,-0.1
400,Ish Smith\smithis01,PG,30,DET,22,537,8.9,.483,.371,.059,0.2,8.5,4.1,18.7,0.9,1.0,10.6,18.3,,0.0,0.4,0.4,.035,,-2.4,-1.2,-3.5,-0.2
401,J.R. Smith\smithjr01,SG,33,CLE,11,222,8.1,.444,.494,.127,0.0,9.2,4.5,13.7,2.5,1.2,11.7,18.6,,-0.2,0.1,-0.1,-0.024,,-2.9,-1.3,-4.3,-0.1
402,Jason Smith\smithja02,C-PF,32,TOT,13,135,11.2,.486,.275,.300,11.1,22.2,16.5,12.0,0.4,3.1,15.0,16.7,,0.1,0.1,0.1,.045,,-3.4,-0.7,-4.1,-0.1
402,Jason Smith\smithja02,C,32,WAS,12,130,12.0,.520,.270,.324,9.0,22.3,15.5,12.5,0.4,3.3,14.2,16.1,,0.1,0.1,0.2,.065,,-2.8,-0.2,-3.0,0.0
402,Jason Smith\smithja02,PF,32,MIL,1,5,-10.6,.000,.333,.000,65.0,19.6,41.1,0.0,0.0,0.0,25.0,33.5,,-0.1,0.0,-0.1,-0.489,,-18.8,-13.6,-32.4,0.0
403,Tony Snell\snellto01,SG,27,MIL,29,503,11.1,.575,.595,.182,2.6,9.1,6.0,5.4,1.1,0.8,5.3,14.1,,0.7,0.6,1.2,.117,,-0.2,-0.9,-1.1,0.1
404,Ray Spalding\spaldra01,PF,21,DAL,1,1,0.0,,,,0.0,0.0,0.0,0.0,0.0,0.0,,0.0,,0.0,0.0,0.0,.006,,-6.0,0.4,-5.6,0.0
405,Omari Spellman\spellom01,PF,21,ATL,22,400,13.1,.495,.472,.220,10.8,15.4,13.0,8.2,1.9,2.8,9.7,15.7,,0.3,0.3,0.5,.066,,-1.1,0.2,-0.8,0.1
406,Nik Stauskas\stausni01,SG,25,POR,30,503,11.4,.561,.544,.181,1.9,8.9,5.5,13.2,0.9,0.6,14.8,18.2,,0.4,0.2,0.6,.055,,-0.3,-2.1,-2.4,0.0
407,D.J. Stephens\stephdj01,SG,28,MEM,1,7,5.8,.500,.000,.000,0.0,0.0,0.0,0.0,7.2,0.0,33.3,19.7,,0.0,0.0,0.0,-0.117,,-9.8,2.6,-7.1,0.0
408,Lance Stephenson\stephla01,SG,28,LAL,31,469,14.4,.537,.397,.115,3.7,18.2,11.1,17.3,2.2,0.5,15.4,23.0,,0.0,0.6,0.7,.067,,-1.2,-0.3,-1.5,0.1
409,Edmond Sumner\sumneed01,PG,23,IND,7,28,-2.7,.317,.429,.286,8.1,3.8,5.9,4.6,1.8,0.0,27.6,17.0,,-0.1,0.0,-0.1,-0.148,,-8.6,-0.9,-9.5,-0.1
410,Caleb Swanigan\swanica01,PF,21,POR,12,113,3.7,.363,.114,.143,10.5,28.0,19.5,5.9,1.7,0.0,25.9,18.8,,-0.4,0.1,-0.2,-0.099,,-8.8,-0.4,-9.2,-0.2
411,Jayson Tatum\tatumja01,SF,20,BOS,29,905,16.7,.571,.336,.229,4.3,17.9,11.0,8.6,1.6,1.5,9.6,22.2,,1.2,1.6,2.7,.144,,0.1,0.7,0.7,0.6
412,Jeff Teague\teaguje01,PG,30,MIN,23,724,14.1,.508,.272,.393,1.2,6.7,3.9,36.4,1.5,1.3,17.0,18.4,,0.8,0.3,1.1,.075,,-0.7,-2.3,-3.0,-0.2
413,Garrett Temple\templga01,SG,32,MEM,30,947,9.9,.571,.522,.243,1.3,10.1,5.6,6.7,1.8,1.0,10.8,14.9,,0.4,1.0,1.4,.071,,-1.0,0.3,-0.7,0.3
414,Milos Teodosic\teodomi01,PG,31,LAC,15,150,6.9,.557,.675,.175,2.2,8.9,5.7,29.5,1.0,0.5,32.8,18.2,,-0.1,0.1,-0.1,-0.021,,-2.3,-3.0,-5.2,-0.1
415,Jared Terrell\terreja01,SG,23,MIN,1,21,-3.5,.225,.250,.250,0.0,5.1,2.5,6.0,4.6,4.1,18.4,21.8,,-0.1,0.0,-0.1,-0.258,,-12.9,2.1,-10.8,0.0
416,Daniel Theis\theisda01,C,26,BOS,19,274,17.4,.639,.250,.229,10.3,16.5,13.4,10.1,0.5,3.3,11.7,18.8,,0.7,0.4,1.1,.197,,1.1,0.8,1.9,0.3
417,Khyri Thomas\thomakh01,SG,22,DET,5,27,8.8,.455,.667,.222,7.5,20.7,13.7,15.8,0.0,0.0,16.8,18.3,,0.0,0.0,0.0,.010,,-2.8,-1.5,-4.3,0.0
418,Lance Thomas\thomala01,PF,30,NYK,12,186,5.6,.440,.432,.250,2.7,14.3,8.3,4.3,1.8,1.4,12.5,12.6,,-0.1,0.1,0.0,-0.009,,-4.3,-0.5,-4.8,-0.1
419,Klay Thompson\thompkl01,SG,28,GSW,31,1072,15.6,.541,.396,.129,1.2,11.6,6.6,9.0,1.5,1.6,8.3,28.1,,0.3,0.9,1.3,.056,,-0.6,-2.5,-3.1,-0.3
420,Tristan Thompson\thomptr01,C,27,CLE,27,819,20.3,.566,.000,.262,17.5,24.9,21.1,10.9,1.3,1.1,12.3,17.4,,1.8,0.5,2.3,.136,,1.8,0.5,2.3,0.9
421,Sindarius Thornwell\thornsi01,SG,24,LAC,16,102,2.9,.481,.389,.222,0.0,18.0,9.4,10.2,0.5,1.5,26.2,11.2,,-0.1,0.1,0.0,-0.023,,-5.4,0.2,-5.2,-0.1
422,Anthony Tolliver\tollian01,PF,33,MIN,19,295,9.6,.615,.866,.209,2.5,12.7,7.6,6.3,1.1,2.3,14.1,12.1,,0.2,0.2,0.4,.069,,-0.3,-0.1,-0.4,0.1
423,Karl-Anthony Towns\townska01,C,23,MIN,30,1000,22.4,.599,.293,.300,10.1,27.9,19.0,12.2,1.3,4.6,14.9,26.5,,1.8,1.4,3.2,.152,,2.1,2.1,4.2,1.6
424,Gary Trent\trentga02,SG,20,POR,3,20,0.3,.360,.385,.154,0.0,20.4,10.5,0.0,0.0,0.0,6.7,31.5,,-0.1,0.0,-0.1,-0.220,,-12.5,-9.8,-22.3,-0.1
425,Allonzo Trier\trieral01,SG,23,NYK,27,628,13.6,.580,.210,.447,2.6,12.0,7.1,12.1,0.8,1.4,16.3,20.9,,0.5,0.1,0.6,.047,,-1.3,-2.0,-3.3,-0.2
426,P.J. Tucker\tuckepj01,PF,33,HOU,29,1012,9.0,.582,.724,.089,4.4,15.9,9.9,3.8,1.6,0.9,11.5,9.8,,0.8,0.6,1.4,.064,,-0.5,0.1,-0.4,0.4
427,Evan Turner\turneev01,PG,30,POR,29,742,11.5,.499,.134,.213,2.3,17.6,10.2,22.8,1.4,1.0,19.2,16.7,,0.0,0.6,0.7,.042,,-2.4,1.1,-1.3,0.1
428,Myles Turner\turnemy01,C,22,IND,30,835,16.4,.543,.170,.220,5.3,20.9,13.4,8.9,0.6,8.9,12.5,20.9,,0.2,1.8,2.0,.116,,-3.0,4.6,1.6,0.8
429,Ekpe Udoh\udohek01,C,31,UTA,20,116,15.6,.791,.000,.526,3.9,17.4,10.6,10.4,0.8,7.1,20.4,11.0,,0.2,0.2,0.4,.163,,-1.8,4.0,2.2,0.1
430,Tyler Ulis\ulisty01,PG,23,CHI,1,1,0.0,,,,0.0,0.0,0.0,0.0,0.0,0.0,,0.0,,0.0,0.0,0.0,-0.013,,-7.2,-0.2,-7.3,0.0
431,Jonas Valanciunas\valanjo01,C,26,TOR,30,564,25.2,.639,.116,.363,10.9,29.5,20.7,8.2,1.1,3.3,11.5,26.0,,1.8,1.0,2.8,.240,,1.3,0.7,2.0,0.6
432,Fred VanVleet\vanvlfr01,PG,24,TOR,27,671,14.0,.539,.482,.173,2.0,8.1,5.2,24.0,1.8,0.5,13.2,18.0,,0.9,0.7,1.6,.114,,1.0,-0.5,0.5,0.4
433,Noah Vonleh\vonleno01,PF,23,NYK,32,832,14.9,.582,.337,.378,7.3,26.7,16.6,11.8,1.3,2.9,16.0,13.5,,1.1,0.7,1.8,.105,,-0.3,1.8,1.5,0.7
434,Nikola Vucevic\vucevni01,C,28,ORL,29,893,26.3,.601,.193,.176,8.5,33.3,20.7,22.1,1.6,2.8,10.8,27.5,,2.2,1.6,3.7,.202,,3.8,3.1,6.9,2.0
435,Dwyane Wade\wadedw01,SG,37,MIA,21,536,14.8,.515,.348,.273,4.4,10.4,7.3,24.8,1.0,1.9,14.8,27.4,,0.1,0.5,0.5,.046,,-0.1,-1.4,-1.5,0.1
436,Moritz Wagner\wagnemo01,C,21,LAL,8,52,13.8,.541,.500,.231,2.1,19.5,11.0,14.0,0.9,0.0,9.5,25.2,,0.0,0.1,0.1,.077,,-0.8,-3.2,-4.0,0.0
437,Kemba Walker\walkeke02,PG,28,CHO,29,1006,21.4,.555,.466,.317,1.3,12.6,6.9,29.6,1.8,0.9,10.3,30.8,,1.9,0.8,2.8,.133,,5.1,-1.6,3.5,1.4
438,John Wall\walljo01,PG,28,WAS,29,1000,19.4,.527,.302,.315,1.5,9.6,5.5,40.6,2.2,2.4,14.7,29.2,,0.8,0.5,1.3,.062,,1.9,-1.2,0.6,0.7
439,Tyrone Wallace\wallaty01,PG,24,LAC,20,163,9.5,.456,.088,.294,4.1,11.3,7.8,11.3,1.2,0.9,9.4,22.1,,-0.2,0.1,-0.1,-0.017,,-4.3,-2.0,-6.4,-0.2
440,Taurean Waller-Prince\princta02,SF,24,ATL,21,602,11.8,.567,.545,.212,1.0,14.0,7.3,12.4,1.8,1.0,16.2,22.5,,-0.1,0.3,0.2,.014,,-1.1,-1.7,-2.8,-0.1
441,Brad Wanamaker\wanambr01,PG,29,BOS,11,87,13.0,.590,.333,.222,0.0,13.6,6.7,24.5,1.1,0.0,21.3,18.6,,0.1,0.1,0.2,.095,,-2.7,-1.5,-4.2,0.0
442,T.J. Warren\warretj01,SF,25,PHO,25,743,19.2,.618,.302,.186,2.7,12.7,7.7,7.8,1.5,2.2,6.8,23.5,,1.4,0.5,1.9,.122,,1.8,-1.6,0.2,0.4
443,Yuta Watanabe\watanyu01,SG,24,MEM,3,16,8.7,.515,.333,.667,0.0,36.8,18.0,0.0,0.0,5.9,20.5,14.0,,0.0,0.0,0.0,.024,,-11.6,-1.9,-13.5,0.0
444,Thomas Welsh\welshth01,C,22,DEN,6,13,15.5,.833,.667,.000,0.0,25.0,12.5,21.8,0.0,0.0,25.0,13.2,,0.0,0.0,0.0,.159,,0.7,-1.7,-1.0,0.0
445,Russell Westbrook\westbru01,PG,30,OKC,21,713,21.3,.493,.259,.297,4.3,29.0,16.4,46.6,3.5,0.6,17.4,30.5,,0.2,1.8,2.0,.134,,2.1,5.0,7.1,1.6
446,Derrick White\whitede01,PG,24,SAS,22,449,9.0,.450,.250,.136,1.2,13.6,7.3,21.8,1.9,0.6,18.1,16.7,,-0.4,0.3,0.0,-0.004,,-3.4,-0.4,-3.8,-0.2
447,Okaro White\whiteok01,PF,26,WAS,3,6,-4.5,.000,1.000,.000,17.8,18.6,18.2,0.0,0.0,0.0,0.0,14.2,,0.0,0.0,0.0,-0.261,,-10.9,-8.3,-19.2,0.0
448,Hassan Whiteside\whiteha01,C,29,MIA,24,636,22.6,.530,.051,.427,16.1,36.4,26.1,5.3,1.1,9.1,11.9,22.6,,0.5,1.5,2.0,.153,,-3.2,3.4,0.2,0.4
449,Andrew Wiggins\wiggian01,SF,23,MIN,26,855,12.0,.495,.332,.209,2.3,10.4,6.3,10.1,1.9,1.5,9.5,23.3,,-0.2,0.6,0.3,.018,,-1.7,-0.7,-2.3,-0.1
450,C.J. Williams\willicj01,SG,28,MIN,6,53,-1.8,.357,.429,.000,0.0,4.0,2.0,7.5,0.9,0.0,17.6,13.5,,-0.1,0.0,-0.1,-0.116,,-7.3,-2.6,-9.9,-0.1
451,Johnathan Williams\willijo04,C,23,LAL,6,85,11.2,.542,.000,.263,13.9,11.9,12.9,6.1,0.5,2.8,8.6,11.3,,0.1,0.1,0.2,.116,,-1.3,0.2,-1.1,0.0
452,Kenrich Williams\willike04,SF,24,NOP,7,32,-0.4,.438,.375,.000,0.0,16.0,8.2,0.0,0.0,0.0,11.1,11.5,,0.0,0.0,0.0,-0.051,,-7.4,-4.8,-12.3,-0.1
453,Lou Williams\willilo02,SG,32,LAC,26,655,18.2,.530,.257,.373,2.4,8.3,5.4,28.9,1.0,0.2,12.6,31.3,,0.7,0.2,1.0,.070,,1.3,-3.3,-1.9,0.0
454,Marvin Williams\willima02,PF,32,CHO,28,718,12.3,.551,.618,.142,3.3,19.1,11.1,5.3,1.5,2.4,5.9,14.2,,0.6,0.8,1.4,.093,,-0.1,0.3,0.2,0.4
455,Robert Williams\williro04,C,21,BOS,13,99,21.6,.689,.000,.200,12.7,23.8,18.2,1.4,0.5,15.4,8.4,10.3,,0.2,0.3,0.5,.251,,-2.6,7.1,4.6,0.2
456,Troy Williams\willitr02,SF,24,SAC,17,267,12.2,.562,.459,.153,2.7,17.0,9.8,4.4,1.7,2.5,6.2,15.0,,0.2,0.3,0.5,.087,,-0.9,-0.3,-1.2,0.1
457,D.J. Wilson\wilsodj01,PF,22,MIL,3,45,20.4,.893,.500,.167,0.0,8.7,4.6,9.6,2.1,1.9,7.2,12.9,,0.2,0.1,0.2,.251,,4.5,0.1,4.6,0.1
458,Justise Winslow\winslju01,PF,22,MIA,25,702,10.4,.482,.341,.236,3.8,15.1,9.4,18.4,1.5,1.1,16.3,19.3,,-0.3,0.8,0.5,.031,,-2.5,0.4,-2.1,0.0
459,Christian Wood\woodch01,PF,23,MIL,6,37,24.0,.636,.235,.353,11.7,31.7,22.2,8.3,0.0,0.0,9.2,24.5,,0.1,0.1,0.2,.232,,0.6,-3.1,-2.5,0.0
460,Delon Wright\wrighde01,PG,26,TOR,27,461,13.5,.533,.354,.122,5.2,9.6,7.5,14.1,2.0,1.2,11.9,16.5,,0.5,0.5,1.0,.107,,-0.1,0.9,0.8,0.3
461,Guerschon Yabusele\yabusgu01,PF,23,BOS,14,76,12.2,.438,.400,.320,9.7,12.7,11.2,10.6,2.5,1.2,3.4,16.7,,0.1,0.1,0.2,.134,,-1.3,0.8,-0.5,0.0
462,Nick Young\youngni01,SG,33,DEN,3,24,7.6,.900,1.000,.000,0.0,4.5,2.3,5.7,0.0,0.0,28.6,12.5,,0.0,0.0,0.0,.062,,0.6,-3.7,-3.1,0.0
463,Thaddeus Young\youngth01,PF,30,IND,31,917,15.1,.535,.130,.208,8.3,13.8,11.1,8.3,2.5,1.5,9.7,17.8,,0.8,1.7,2.4,.127,,-0.6,2.1,1.5,0.8
464,Trae Young\youngtr01,PG,20,ATL,30,876,11.7,.479,.380,.285,2.0,8.0,4.9,38.1,1.1,1.0,19.5,28.1,,-1.0,0.1,-0.8,-0.046,,-2.2,-3.6,-5.8,-0.8
465,Cody Zeller\zelleco01,C,26,CHO,28,691,17.6,.646,.064,.316,9.0,16.7,12.8,11.6,1.6,2.8,13.4,15.2,,1.7,0.7,2.4,.170,,1.5,1.7,3.1,0.9
466,Ante Zizic\zizican01,C,22,CLE,20,191,11.4,.543,.000,.491,11.1,22.7,16.7,7.0,0.5,1.3,22.8,19.1,,-0.1,0.1,0.0,-0.001,,-4.8,-1.8,-6.6,-0.2
467,Ivica Zubac\zubaciv01,C,21,LAL,11,74,13.8,.527,.000,.190,14.5,23.3,19.0,7.1,0.6,4.2,14.9,15.0,,0.1,0.1,0.2,.118,,-3.4,1.0,-2.4,0.0